user_id,user,created_at,status_id,favorite_count,retweet_count,text,reply_count,ratio,timestamp_scrape,considered,posted,status_id_post,text_post,timestamp_post
x33537967,amyklobuchar,2018-11-01T16:40:32Z,x1058036076495814656,1088,320,Third Congressional District candidate @DeanBPhillips and I took an amusing break from...well...everything...and drove his government repair truck around Plymouth where I grew up.  Check out Constituents in Trucks Getting Coffee! Go Dean! https://t.co/prpx1rTRAg,72,0.051136364,2018-11-18T16:27:00Z,0,0,"","",
x19750789,AndrewBrandt,2018-11-10T18:55:09Z,x1061331442943307776,18,2,3rd star. #Sixers #TrustTheProcess https://t.co/NO8Mkdbr6m,3,0.15,2018-11-18T15:33:00Z,0,0,"","",
x123276343,BarstoolBigCat,2018-11-17T20:43:19Z,x1063895380776153088,563,73,Dwayne Haskins is so damn good.,30,0.047169811,2018-11-18T15:33:00Z,0,0,"","",
x23513252,beatingthebook,2018-11-13T14:31:18Z,x1062352205552979968,7,1,Beating The Book: Week 11 #NFL #GuessingLines w Vinny Magliulo @VSiNVinny in for Chris Andrews @andrewssports: https://t.co/wX6RbkenBo,2,0.25,2018-11-18T16:27:00Z,0,0,"","",
x214175859,BFawkesESPN,2018-11-09T22:28:35Z,x1061022766684663808,5,1,"""The Bengals are 10-1 ATS with eight outright wins in their past 11 games as a home underdog.""

https://t.co/RgpSUMjbMO",0,0,2018-11-18T16:27:00Z,0,0,"","",
x24828894,BigWos,2018-11-15T21:56:19Z,x1063188973462286336,63,16,Lmao damn https://t.co/NwxUxc5Mub,1,0.012658228,2018-11-18T16:27:00Z,0,0,"","",
x21897334,billbarnwell,2018-11-14T02:39:38Z,x1062535500219801600,75,2,"Just went to dinner and ate a delicious 8 ounce cow patty, what‚Äôs this about Florida?",3,0.038961039,2018-11-18T16:27:00Z,0,0,"","",
x55677432,BillCassidy,2018-09-30T13:43:59Z,x1046395234018578432,77,22,https://t.co/2hmFnVlbwZ,77,0.777777778,2018-11-18T16:27:00Z,0,0,"","",
x26103389,BillHaslam,2018-05-05T16:25:35Z,x992802498267230208,59,16,"Thank you to @AftertheBell and @FoxBusiness for welcoming me yesterday to share the Tennessee story of why our state is good for business and how we are attracting high-quality jobs. #TNWillLead
https://t.co/ezJrUU6Euh",6,0.08,2018-11-18T16:27:00Z,0,0,"","",
x23970102,BillOReilly,2018-10-25T00:51:11Z,x1055260447790764033,6215,1414,The leftist media going full throttle blaming President Trump for the bomb business. It‚Äôs pretty nasty. I‚Äôve just posted a message about it on https://t.co/rryWmyXe7C. Hope you check it out.,673,0.088216018,2018-11-18T16:27:00Z,0,0,"","",
x32765534,BillSimmons,2018-11-07T16:33:42Z,x1060208683022409728,81,23,"Starting this over again because 2 tweeters had good suggestions: Possible NBA Tankapalooza 2019 slogans for @jalenrose to steal on Countdown!

I still don‚Äôt feel like there‚Äôs a no-brainer yet along the lines of Shitty for Smitty (1995) or Sorry for Jabari (2014)",140,1.346153846,2018-11-17T11:29:00Z,1,1,"",Congratulations @BillSimmons on your ratio of 1.35! This is the first time I've scored you. Be aware of your ratio with future tweets! https://twitter.com/BillSimmons/status/1060208683022409728,2018-11-17T23:02:32Z
x17078632,BobbyJindal,2017-07-20T00:21:50Z,x887829868238516224,231,52,"Praying for Senator McCain and his family.

https://t.co/f4tcusDWKl",8,0.028268551,2018-11-18T16:27:00Z,0,0,"","",
x14738157,BobMcDonnell,2013-12-16T22:30:44Z,x412711419021242368,4,1,Congratulations to the Notre Dame men's soccer team for winning the NCAA national championship! https://t.co/ZmZO3DWKRu  #NotreDameClassof76,12,2.4,2018-11-18T16:27:00Z,0,0,"","",
x21129105,bomani_jones,2018-11-09T14:59:13Z,x1060909680057335809,77,9,"your words are your own, up until the moment you put em into the world. that's the game, and it will always be the game. https://t.co/BvZHJFU5Pu",1,0.011627907,2018-11-17T11:29:00Z,1,0,"","",2018-11-18T20:37:31Z
x66891808,BrianSandoval,2017-03-01T20:44:19Z,x837040826001707008,12,2,Enjoyed attending the #JointAddress -- here's a picture from last night in case you missed it. https://t.co/TNT41cYDbf,5,0.357142857,2018-11-18T16:27:00Z,0,0,"","",
x47747074,brianschatz,2018-11-10T21:10:40Z,x1061365548154417152,1496,196,More California house seats in the process of flipping FYI.,26,0.01536643,2018-11-18T16:27:00Z,0,0,"","",
x21827185,brianschweitzer,2012-10-24T21:09:03Z,x261212730877435904,1,1,Governor and Steve Bullock listen to students today at MSU-Billings - Go Jackets! http://t.co/h8gcpGau,1,0.5,2018-11-18T16:27:00Z,0,0,"","",
x438550809,Buck,2018-02-17T17:50:04Z,x964919891634528256,79,4,More than you can even comprehend https://t.co/6ifXvvagrv,4,0.048192771,2018-11-18T10:23:00Z,1,0,"","",2018-11-18T20:37:45Z
x36396752,ButchOtter,2018-04-12T17:42:54Z,x984487033467895808,2,0,"April is ‚ÄúFinancial Literacy Month,‚Äù and today I got the chance to present awards to this year‚Äôs winners of the Piggy Bank Beauty Contest.  Thank you to the Idaho Financial Literacy Coalition for helping these kids get a jump start on their financial planning. https://t.co/tCW5L3gNOk",1,0.5,2018-11-18T16:27:00Z,0,0,"","",
x194784415,bykevinclark,2018-11-02T02:13:59Z,x1058180388361666561,109,7,"The title changes hands quickly so it's hard to keep up, but it goes without saying that Gruden is back to being the funniest coach in the league, replacing Gregg Williams. Gruden will increase his lead in 90 minutes when he complains about a lack of pass rushers. Insurmountable.",5,0.043103448,2018-11-18T15:33:00Z,0,0,"","",
x25471833,CariChampion,2018-10-26T03:24:53Z,x1055661515250917376,14,0,Splain Phil‚Äôs connection,7,0.5,2018-11-18T16:27:00Z,0,0,"","",
x55424198,chadfordinsider,2017-06-20T20:00:25Z,x877254833186758658,61,18,True. The lack of a workout won't dissuade the Celtics. But the lack of medical info is more problematic for Boston. https://t.co/V9UfS7FnOt,12,0.151898734,2018-11-18T15:33:00Z,0,0,"","",
x46313867,chadmilliman,2009-11-25T04:19:41Z,x6040386745,0,0,@RachReinert Hope you guys make your way back to michigan soon!  had a Chance to meet ya at Coyote Joes!,0,0,2018-11-18T16:27:00Z,0,0,"","",
x33769830,chadmillman,2018-10-27T18:45:21Z,x1056255548050550785,0,0,A breakdown worthy of an excellent cocktail party. https://t.co/B3dMaZduTr,0,0,2018-11-19T17:41:00Z,0,0,"","",
x42040091,Chris_Broussard,2017-08-04T19:23:38Z,x893553029374517248,174,94,Shameful situation https://t.co/SFDDxz6c7D,35,0.130597015,2018-11-18T06:07:00Z,1,0,"","",2018-11-18T20:37:40Z
x57710919,ChrisBHaynes,2018-10-13T17:43:37Z,x1051166582586527744,133,51,"San Antonio will waive point guard Nick Johnson, league sources tell Yahoo Sports.",7,0.038043478,2018-11-18T15:33:00Z,0,0,"","",
x15324851,ChrisCoons,2018-10-11T16:23:50Z,x1050421729905074176,620,265,"When a crisis like the disappearance of Jamal Khashoggi occurs, we need American diplomats in key posts around the world to ensure the United States can respond quickly &amp; effectively. Right now, though, the Trump Admin hasn‚Äôt even nominated ambassadors for Turkey or Saudi Arabia.",59,0.066666667,2018-11-18T16:27:00Z,0,0,"","",
x150078976,ChrisMurphyCT,2018-11-05T18:19:07Z,x1059510437421686784,94,20,Stopped by Colony Diner in Wallingford and reminded people to turn out tomorrow for @APMcKeen and Mary Mushinsky. https://t.co/FcRmteqqSQ,12,0.105263158,2018-11-18T16:27:00Z,0,0,"","",
x24742737,ChrisRyan77,2018-10-10T16:07:03Z,x1050055118140268544,35,6,This @alyssabereznak piece is so smart about how the flood of memes before A STAR IS BORN change the way audiences watched A STAR IS BORN in theaters https://t.co/XQ5iZZOpYc,2,0.048780488,2018-11-18T16:27:00Z,0,0,"","",
x18137749,ChrisVanHollen,2018-10-01T19:28:59Z,x1046844442529996800,116,35,"Happy 60th Anniversary @NASA! You‚Äôve been on the frontiers of scientific discovery for decades and have inspired the next generation of explorers and innovators‚Äîincluding 8-year-old science wiz, Romanieo Golphin Jr., and @Astro_Ricky. May the Force always be with you! https://t.co/XS6hCxoOvl",10,0.066225166,2018-11-18T16:27:00Z,0,0,"","",
x43399264,ChrisWesseling,2018-11-16T09:48:28Z,x1063368195958919168,110,4,üòÇ The GGGGGGGG-Men! https://t.co/nNF0ukPEPy,10,0.087719298,2018-11-18T16:27:00Z,0,0,"","",
x10615232,ChuckGrassley,2018-10-21T20:04:25Z,x1054101116680658945,83,19,Madison &amp; McKenzie are making a UNI student film for ESPN. At Marquette UNI VB https://t.co/SK3Tz0RKAQ,11,0.107843137,2018-11-18T16:27:00Z,0,0,"","",
x101008987,CKlosterman,2018-01-24T21:38:41Z,x956280119265382404,15,1,"@BlindWaveProd Hey, I just saw this. Many podcasts have used those questions, but I feel like this was the best I've ever seen it done (esp. the ""gay conman Jesus"" concept).",0,0,2018-11-18T16:27:00Z,0,0,"","",
x16160352,clairecmc,2018-10-22T22:02:16Z,x1054493165741371393,467,196,Never heard of such a thing in a real investigation. https://t.co/gV38YHRLdY,43,0.064856712,2018-11-18T16:27:00Z,0,0,"","",
x278829038,Coach_Leach,2018-08-19T03:53:07Z,x1031026245956292609,1173,97,"I have admired Mike Price for as early as I can remember in my coaching career. I used to try to get videos of the games that he coached, back when video was really hard to get. I consider Coach Price a mentor. #GoCougs https://t.co/zej5dGD1bO",23,0.018110236,2018-11-18T10:23:00Z,1,0,"","",2018-11-18T20:37:49Z
x15808765,CoryBooker,2018-11-06T15:51:54Z,x1059835777440534528,288,79,"This past week I saw so much excitement in Indiana about @JoeforIndiana‚Äînow we need turn that energy into action. Hoosiers, please get out &amp; vote for Joe today &amp; keep this Senate seat blue. https://t.co/JT8m0FH0WY #ElectionDay https://t.co/eU6qBf976E",39,0.10626703,2018-11-18T16:27:00Z,0,0,"","",
x718728986,criscarter80,2018-11-01T01:29:56Z,x1057806915743420417,885,92,Derrick Rose is one of the most improved players NBA this season. Great to see his explosiveness return. 6th man of year candidate.,19,0.019447288,2018-11-18T10:23:00Z,1,0,"","",2018-11-18T20:37:42Z
x236975376,DalrympleforGov,2012-07-27T16:55:09Z,x228896316669956097,0,2,Check out the Forum editorial from yesterday if you haven't read it yet http://t.co/Qv1nBjI9 @inforum,1,0.5,2018-11-18T16:27:00Z,0,0,"","",
x73177902,DanHanzus,2018-11-09T02:28:10Z,x1060720674971410433,108,5,Trying to figure out why these Buck and Aikman Tide ads get me so mad. It feels like a violation of trust or something.,11,0.097345133,2018-11-18T16:27:00Z,0,0,"","",
x732582648149725185,DannyBKelly,2018-11-15T18:57:59Z,x1063144096330469376,18,1,oh come on https://t.co/FFnQfOwTNy,0,0,2018-11-18T15:33:00Z,0,0,"","",
x48049415,DannyLeroux,2018-11-15T01:36:51Z,x1062882085000568832,33,1,"For whatever reason, I am already comfortable with Jimmy Butler in a Sixers uniform.",1,0.029411765,2018-11-18T16:27:00Z,0,0,"","",
x24277551,darrenrovell,2018-11-15T15:57:00Z,x1063098550563860480,304,42,"More on the @theTylerTrent bobblehead that just went on sale, with some of the proceeds going to Trent's charity &amp; The V Foundation https://t.co/hUbx1dfAAI",3,0.00867052,2018-11-18T15:33:00Z,0,0,"","",
x858750770,DarthAmin,2018-11-10T03:09:03Z,x1061093351867535360,13,1,Did @miamiheat forget to update their SE division champions banner? https://t.co/ei5B8qWgT0,4,0.285714286,2018-11-18T16:27:00Z,0,0,"","",
x19396002,DaveEHeineman,2014-11-07T20:45:35Z,x530823399564910592,1,1,Gov. Heineman News: Gov. Heineman Seeks Applicants for Legislative District 15 Seat http://t.co/XffjMML2wq,0,0,2018-11-18T16:27:00Z,0,0,"","",
x62587361,davidaldridgedc,2018-11-04T19:08:52Z,x1059160568832147458,34,14,The conundrum that is Josh Doctson.,1,0.020833333,2018-11-18T10:23:00Z,1,0,"","",2018-11-18T20:37:53Z
x80094297,DeionSanders,2018-11-10T21:11:43Z,x1061365813419167744,2063,473,The @Saints are the best team in the NFC &amp; the @Patriots are the best team in the AFC.  @nflnetwork #GamedayPrime #Truth,140,0.055205047,2018-11-18T15:33:00Z,0,0,"","",
x18805645,djacoby,2018-10-20T01:58:12Z,x1053465376850395137,34,5,LeVert!,4,0.102564103,2018-11-18T16:27:00Z,0,0,"","",
x16175507,dmorey,2018-10-27T04:23:05Z,x1056038551115231232,2030,390,My twitter feed rn https://t.co/aBMpeLgs2k,150,0.061983471,2018-11-18T15:33:00Z,0,0,"","",
x19725981,DragonflyJonez,2018-11-17T01:43:21Z,x1063608499752640513,312,78,I could see Bron bringing Melo in. Just for this season tho. This is the fuck around season. He gon have to get the hell on next season when the Lakers get serious about this shit tho,10,0.025641026,2018-11-18T16:27:00Z,0,0,"","",
x16246688,drewmagary,2018-11-14T19:50:27Z,x1062794910246539268,145,12,Truly I am the REAL Cap'n Crunch. https://t.co/YDPPrONENY,11,0.070063694,2018-11-18T16:27:00Z,0,0,"","",
x14466538,dscc,2018-11-03T19:12:20Z,x1058799051699830785,15,13,"It‚Äôs the #LastWeekend before Election Day, and we‚Äôre counting on Democrats like you to help reach every last voter to get to the polls and #FlipTheSenate. Sign-up to volunteer here üìù:  https://t.co/qjzQIzZhDx https://t.co/UsxsCU9ZwD",2,0.071428571,2018-11-18T16:27:00Z,0,0,"","",
x613542402,EdwerderRFA,2018-11-17T03:17:03Z,x1063632077290119168,104,24,Great pic https://t.co/MGYsWBbb17,8,0.0625,2018-11-18T15:33:00Z,0,0,"","",
x277124730,EnergyDems,2018-08-24T15:10:06Z,x1033008552749817857,2,2,Our national parks are beacons of our nation‚Äôs natural beauty. Celebrate the 102nd birthday of the @NationalParkService at the PARKTRACKS pop-up in Seattle this weekend! For more information &gt;&gt; https://t.co/cTZ7fh926W #FindYourPark https://t.co/3TNE7MhGoe,0,0,2018-11-18T16:27:00Z,0,0,"","",
x82657929,EnergyGOP,2018-09-13T16:49:39Z,x1040281364640223232,0,1,üì∫Sen. @LisaMurkowski asks witness panel about #LNG import capacity in Europe‚Üí https://t.co/nCgdqMKw2H,0,0,2018-11-18T16:27:00Z,0,0,"","",
x120943272,ErinAndrews,2018-10-15T01:19:49Z,x1051643775427047424,53,3,Uggggh ya..clearly I get it https://t.co/JFfw8Gsvaa,10,0.178571429,2018-11-18T15:33:00Z,0,0,"","",
x78506305,espn_macmahon,2018-11-12T05:48:45Z,x1061858317780303872,123,16,"Every active member of the 30,000-point club has loved playing with Tyson Chandler. https://t.co/Nw74lQ5UTC",1,0.007194245,2018-11-18T16:27:00Z,0,0,"","",
x95251230,ESPNLunardi,2018-08-22T20:54:52Z,x1032370543834492928,13,4,"Might make it harder, or at least different, this year. Personally I've lessened the weight of RPI for the last several seasons. Still the same crap shoot of 10 people looking at similar results and not knowing what they'll truly value. https://t.co/HUaApB6eWR",2,0.117647059,2018-11-18T16:27:00Z,0,0,"","",
x58919137,FieldYates,2018-11-13T16:05:00Z,x1062375787704201216,17,3,"It's a Father-Son pod today. Just @MatthewBerryTMR &amp; I recapping MNF, waiver adds and more. Join us LIVE. https://t.co/iGWVDm5s2w",2,0.1,2018-11-18T15:33:00Z,0,0,"","",
x83888782,FO_ASchatz,2018-11-08T18:28:19Z,x1060599913673867264,14,4,"I appreciate the gesture here from the Panthers, and I'm sure the people of Pittsburgh do too, but this has come up a lot this week... It's generally improper to send flowers to a Jewish funeral. Just something worth knowing. https://t.co/CBx3LJvWvB https://t.co/YpH9fBCu67",5,0.277777778,2018-11-18T15:33:00Z,0,0,"","",
x93129160,getnickwright,2018-11-06T00:12:55Z,x1059599475155656709,21,2,Help my buddy out &amp; add your experience by voting in his poll. https://t.co/uPixpoq5sY,7,0.304347826,2018-11-18T10:23:00Z,1,1,"",Congratulations @getnickwright on your ratio of 0.30! This is the first time I've scored you. Be aware of your ratio with future tweets!  https://twitter.com/getnickwright/status/1059599475155656709,2018-11-18T20:37:43Z
x34930912,GottliebShow,2018-11-12T00:32:38Z,x1061778761228738561,120,8,Doesn‚Äôt every Seattle game end like this?,16,0.125,2018-11-18T10:23:00Z,1,0,"","",2018-11-18T20:37:48Z
x57963724,Gov_Martinez,2014-08-01T16:08:31Z,x495239664396419074,7,12,Our tax-free weekend starts today! All families can use this opportunity to get items for the upcoming school year. http://t.co/2Z0zItdW4h,0,0,2018-11-18T16:27:00Z,0,0,"","",
x19291441,GovAbbott,2018-09-25T19:19:17Z,x1044667675220348928,202,76,"Texas women are growing businesses at a faster rate than all employers in the Lone Star State. San Antonio &amp; Austin are tops in the nation for growth in job creation by women business owners, per @americanexpress. #TexasWorks https://t.co/yeZF5n0lZ7",19,0.068345324,2018-11-18T16:27:00Z,0,0,"","",
x40923070,GovBrewer,2018-06-20T20:40:47Z,x1009536562453856256,15,4,At 3 &amp; 5 PM I‚Äôll be on with @MacandGaydos @KTAR923 discussing today‚Äôs executive order by @realDonaldTrump to stop separating children and parents who cross the border illegally. Tune in!,8,0.421052632,2018-11-18T16:27:00Z,0,0,"","",
x90484508,GovChristie,2018-02-14T23:17:20Z,x963915089983221762,353,27,Our prayers are with the families of the victims of this horrific school shooting in Florida. Mary Pat and I will keep them and those that were lost and injured in our thoughts tonight and in the days ahead.,91,0.239473684,2018-11-18T16:27:00Z,0,0,"","",
x262425225,GovernorCorbett,2014-10-07T14:09:12Z,x519489622707937281,0,1,RT @JenniferRStorm: Amazing turnout for the rally to support #revictimzation relief amendment to the #CrimeVictimsAct http://t.co/NNiK1j8vI0,0,0,2018-11-18T16:27:00Z,0,0,"","",
x217416964,GovernorDeal,2018-08-09T21:02:35Z,x1027661442613477376,90,26,"Thank you, @POTUS, for hosting today's roundtable on criminal justice reform. Prison commitments in GA are down nearly 20% since 2009, keeping more families together and communities intact. Watch the roundtable here: https://t.co/LATfHGdhGL (1/2)",12,0.103448276,2018-11-18T16:27:00Z,0,0,"","",
x48724141,GovernorMarkell,2017-07-17T22:14:27Z,x887073034271694848,15,1,"Ride was on a nice surface &amp; crosswind wasn't too bad. Passed a sign for Magnolia, MN. At 222, its population is only 3 shy of Magnolia, DE. https://t.co/L4cfVDZfgp",0,0,2018-11-18T16:27:00Z,0,0,"","",
x243271477,GovernorQuinn,2014-10-03T21:40:50Z,x518153728541884416,1,1,"This Latino Heritage Month, we honored one of Naperville‚Äôs own, Olgha Sierra Sandman, who organized‚Ä¶ http://t.co/Re6mbOLapd",0,0,2018-11-18T16:27:00Z,0,0,"","",
x104198706,GovernorVA,2018-10-18T14:24:31Z,x1052928417694408705,268,47,"Nice catch for the Commonwealth. 

""Virginia just landed a big flying fish for its regional spaceport on the Eastern Shore.""

https://t.co/v4pzAIo7ZC",7,0.022222222,2018-11-18T16:27:00Z,0,0,"","",
x39348261,GovGregoire,2012-03-30T02:39:49Z,x185556909519151105,1,20,Reinstated the film incentive program to attract movie projects to our state. Generates millions and creates jobs! #WALeg,2,0.095238095,2018-11-18T16:27:00Z,0,0,"","",
x60688326,GovHerbert,2018-09-17T16:15:23Z,x1041722292772851713,119,21,Today we celebrate the 231st anniversary of the signing of the Constitution of the United States of America. We honor the men and women who helped create this amazing document. https://t.co/lIbsjvU3ra,5,0.035714286,2018-11-18T16:27:00Z,0,0,"","",
x34308692,GovJayNixon,2017-01-03T19:22:07Z,x816364033376915456,6,5,St. Louis unemployment hits 15-year low | David Nicklaus | https://t.co/o2HNJbM9Bq. Missouri Moving Forward https://t.co/hzxFnAkoJJ,1,0.090909091,2018-11-18T16:27:00Z,0,0,"","",
x89193992,GovJeffColyer,2018-09-16T16:40:28Z,x1041366217645334529,40,2,Had a great time at the @KansasStateFair with friends and family yesterday. We even got to go backstage with the @TheBeachBoys! https://t.co/FWwdTWu2c5,0,0,2018-11-18T16:27:00Z,0,0,"","",
x69427169,GovKitz,2015-01-07T02:26:51Z,x552652553431695360,7,0,Great to be at the @OregonFilm awards. http://t.co/O4IuFHp0V6,1,0.142857143,2018-11-18T16:27:00Z,0,0,"","",
x234141596,GovMalloyOffice,2018-10-10T12:58:00Z,x1050007539792793600,9,13,"To check whether you're registered to vote, click here: https://t.co/l5N8cZs5PG

In #Connecticut, the deadline to register for the upcoming election is October 30.

(You can also register on the same day as the election, however it is strongly encouraged to register in advance) https://t.co/1fWf3KabPa",3,0.136363636,2018-11-18T16:27:00Z,0,0,"","",
x216481299,GovMarkDayton,2018-09-03T16:22:28Z,x1036650645045104643,93,18,"Today, and every day, we thank those who work so hard to build a better Minnesota. Wishing all Minnesotans a safe and happy #LaborDay! https://t.co/uJ0eDUFYEA",1,0.009009009,2018-11-18T16:27:00Z,0,0,"","",
x194233791,GovMaryFallin,2018-08-29T21:22:18Z,x1034914159991967758,7,0,to ensure that the next governor will be someone who will continue to recruit businesses and help expand existing ones; is committed to an educated and skilled workforce; improve our roads and infrastructure; properly fund our public schools and core services ... (2 of 4),4,0.571428571,2018-11-18T16:27:00Z,0,0,"","",
x3141213592,GovMattBevin,2018-10-26T15:28:40Z,x1055843664436621314,21,7,Tune in now for our live roundtable discussion with @IvankaTrump on workforce development opportunities in EKY. #WeAreKY https://t.co/v7bKFfNZcj,0,0,2018-11-18T16:27:00Z,0,0,"","",
x231854033,GovPeterShumlin,2017-10-04T19:15:09Z,x915656556242505731,2,0,Nice to see @MylanNews has to pay up for ripping Americans off. #BigPharma must be held accountable. https://t.co/OmcD55yiEh,1,0.5,2018-11-18T16:27:00Z,0,0,"","",
x39525554,GovRBentley,2017-03-09T15:58:02Z,x839867885673644032,0,0,"WATCH: If we want to truly transform the person, we must first transform the system. Inside an Alabama Prison :https://t.co/wvI5FESaad #APTI https://t.co/fixh88CzwS",3,Inf,2018-11-18T16:27:00Z,0,0,"","",
x253857559,GovRickSnyder,2011-02-18T03:24:25Z,x38438658759589888,8,12,"My budget is exactly what Michigan needs.  Businesses create jobs and deserve big tax breaks, even it means some pain for many Michiganders.",75,3.75,2018-11-18T16:27:00Z,0,0,"","",
x213795411,GovWalker,2018-10-20T15:44:13Z,x1053673250943852546,17,4,Go @BadgerFootball! #OnWisconsin üèà,3,0.142857143,2018-11-18T16:27:00Z,0,0,"","",
x14845376,GrahamBlog,2015-11-03T22:30:18Z,x661671770840141825,8,5,Will be speaking with @hughhewitt tonight at 6pm about the threat posed by radical Islam.  LISTEN LIVE: https://t.co/vYVNgm5A99,2,0.153846154,2018-11-18T16:27:00Z,0,0,"","",
x24903274,greggrosenthal,2018-11-05T07:59:03Z,x1059354391528919040,46,8,Often imitated. Occasionally duplicated. The Week 9 Recap Pod has all your answers: https://t.co/lnYR0ZhjFi https://t.co/h6svWi6IPY,1,0.018518519,2018-11-18T16:27:00Z,0,0,"","",
x20252855,HaleyBarbour,2013-11-04T23:39:15Z,x397508372397690880,2,2,"I'll be talking with @gretawire tonight at 7pm ET on ""On the Record"" on @FoxNews. Tune in - we're talking about #Obamacare.",3,0.75,2018-11-18T16:27:00Z,0,0,"","",
x39215566,haralabob,2018-10-07T05:32:37Z,x1048808291516604417,170,25,"Wasn't just the guy in the red, Conor gets attacked first by a guy wearing black before the guy in red sucker punched him. 

https://t.co/ZWQMuKbYET",25,0.128205128,2018-11-18T16:27:00Z,0,0,"","",
x355190623,hen_ease,2018-07-27T12:53:54Z,x1022827417273098241,5256,221,Are the AWLs a dynasty?,88,0.01606719,2018-11-18T06:07:00Z,1,0,"","",2018-11-18T20:37:38Z
x370706811,Herring_NBA,2018-11-16T22:32:43Z,x1063560523445403648,10,1,Awesome https://t.co/hKlV0jCEM2,0,0,2018-11-18T16:27:00Z,0,0,"","",
x117839957,hickforco,2017-03-27T19:13:00Z,x846439933669724160,37,3,"Reminiscing this wkend with my old high school catcher John Baird, retiring from Westtown School in West Chester PA https://t.co/Nj210qiwPE",1,0.025,2018-11-18T16:27:00Z,0,0,"","",
x17494046,HowardBeck,2018-11-13T01:52:36Z,x1062161272442159105,2,1,"Also discussed w/@realgranthill33: the age limit, Trae Young, superstar movement and an unfortunate nickname that didn‚Äôt stick. 
(Big thanks to @NBAalumni for facilitating.) https://t.co/3lQl61JuL0",0,0,2018-11-18T15:33:00Z,0,0,"","",
x12700662,HPbasketball,2018-11-18T05:03:53Z,x1064021350308696064,238,29,"Luke: I get it‚Äôs an East Coast game, but we just can‚Äôt give that kind of effort. We have to  bring it every night. Right, LeBron?

LeBron: ‚Ä¶

Luke: LeBron?

LeBron: /already in a helicopter on the way to Miami tonight to get in early. /waves from helicopter

‚ÄúGood game, guys!‚Äù",13,0.048689139,2018-11-18T16:27:00Z,0,0,"","",
x329761746,IndianCommittee,2018-03-09T16:07:07Z,x972141743188709377,8,5,"ICYMI: check out the @SenateYouth blog post on #USSYP alum and former @IndianCommittee intern, @JoshuaDillinger, who now teaches high school art on the Navajo Nation. You make the committee proud, Josh! https://t.co/NyniqDQYwe https://t.co/TnMhFg3RFX",1,0.076923077,2018-11-18T16:27:00Z,0,0,"","",
x20546536,InhofePress,2018-02-05T21:20:54Z,x960624298196160514,1,3,"""This is going to save lives; this is going to put us back ahead ... and it's right here in Elgin, Oklahoma.""
Read more from the @LawtonConst here: https://t.co/1ey5mafFzr",0,0,2018-11-18T16:27:00Z,0,0,"","",
x297492186,IzGutierrez,2018-02-01T23:51:31Z,x959212647488081921,8,0,"Wow. This is mind blowing information for me.
You can cheat throwing dice?
And, were my parents possibly cheating? ü§Ø https://t.co/zXdGTIG3Iq",1,0.125,2018-11-18T15:33:00Z,0,0,"","",
x23778898,jadande,2018-11-09T21:45:10Z,x1061011843177701382,45,8,Statement from @MedillSchool Interim Dean Charles Whitaker https://t.co/TJqVQqBkA7,1,0.018867925,2018-11-18T15:33:00Z,0,0,"","",
x18915240,JalenRose,2018-09-23T14:32:21Z,x1043870692796760064,222,43,Can you eat more wings than @damienwoody?? @jalenandjacoby https://t.co/ZfpoxTfkfu,23,0.086792453,2018-11-18T15:33:00Z,0,0,"","",
x55307193,JayGlazer,2018-10-23T21:36:45Z,x1054849129019396096,30,0,"Thank you both for the love and support for our crew!! RT @TonyGonzalez88: Where there‚Äôs a warrior, there‚Äôs a way. Go support our vets at @VetsandPlayers 
https://t.co/UH3w0k6l4S https://t.co/4euiR81R92",2,0.066666667,2018-11-18T15:33:00Z,0,0,"","",
x16056306,JeffFlake,2018-06-17T20:11:20Z,x1008441989241528321,1602,62,First Father‚Äôs Day without him. I miss my wonderful dad. https://t.co/PFmY2luFHG,580,0.348557692,2018-11-18T16:27:00Z,0,0,"","",
x35586563,jemelehill,2018-09-21T13:58:49Z,x1043137474065821699,650,271,"This is something:

""Alembik didn't take a call from The Associated Press on Thursday. Instead, Sean Jackson, chairman of the Black Republicans of South Florida, was handling calls for him.
Jackson said Alembik isn't a racist and that he has a ""plethora of black friends."" https://t.co/UXEAtSf5M5",141,0.153094463,2018-11-18T06:07:00Z,1,0,"","",2018-11-18T20:37:36Z
x19418459,JerryBrownGov,2017-07-24T00:51:58Z,x889287002138345472,268,57,Anne and I send our deepest condolences to the Cogdill family. Dave always put CA's interests above party.,52,0.16,2018-11-18T16:27:00Z,0,0,"","",
x18632666,JerryMoran,2018-10-03T18:03:50Z,x1047547790874869760,13,5,"At 2:30 p.m. ET, I‚Äôll be chairing my 4th @SenateCommerce subcommittee hearing on Olympic abuse. Today, we‚Äôll hear from leaders representing a variety of Olympic organizations on reforms they're making to foster a safe environment in their sport and further protect athletes.",14,0.777777778,2018-11-18T16:27:00Z,0,0,"","",
x95749490,JerryRice,2018-09-25T02:24:41Z,x1044412342396571648,314,50,Live each day as if your life had just begun . #goodnight,10,0.027472527,2018-11-18T15:33:00Z,0,0,"","",
x15321506,jeskeets,2018-11-14T21:12:59Z,x1062815681941512205,83,3,"Sick üéß, @michaelgrange. https://t.co/T9uD8K0Ooe",1,0.011627907,2018-11-18T16:27:00Z,0,0,"","",
x7270292,JimInhofe,2018-07-16T19:40:01Z,x1018943354002923523,21,7,"Great news for Oklahoma farmers who experienced losses due to the 2017 wildfires. The @USDA has assistance available that may help. More information:  
https://t.co/bLhUXDThws",51,1.821428571,2018-11-18T16:27:00Z,0,0,"","",
x5558312,JohnBoozman,2018-10-11T21:15:54Z,x1050495230376665088,20,7,Thank you both for your partnership on this. It‚Äôs critically important @ArlingtonNatl is able to accommodate future #veterans who qualify for burial or inurnment at America‚Äôs premier military cemetery. Working to secure the future of this hallowed ground is an honor &amp; privilege. https://t.co/MyHAVXvtFi,9,0.333333333,2018-11-18T16:27:00Z,0,0,"","",
x237770636,JohnCarneyDE,2018-09-29T16:37:49Z,x1046076590772367360,11,8,"Earlier this year, I held a roundtable on the risks of offshore drilling with @USInterior Deputy Secretary David Bernhardt, who encouraged Delawareans to write letters and to make their voices heard on offshore drilling.

‚¨áÔ∏è Send your letter #netde https://t.co/3hn0hMemh3",1,0.052631579,2018-11-18T16:27:00Z,0,0,"","",
x36362259,JohnClaytonNFL,2018-10-26T12:00:48Z,x1055791349855850496,13,2,Game of Week ‚Äì Drw Brees All Day https://t.co/GOdq2wUIPS https://t.co/OQTpWACCkT,4,0.266666667,2018-11-18T16:27:00Z,0,0,"","",
x13218102,JohnCornyn,2018-11-09T23:27:19Z,x1061037550012452864,63,23,"The new Texas Live! entertainment facility will create approximately 1,100 permanent jobs in Arlington‚Äîgood news for the Texas economy. Thanks, Mayor Jeff Williams, for showing me around this afternoon. https://t.co/jQzFbWXTEj",47,0.546511628,2018-11-18T16:27:00Z,0,0,"","",
x231175831,johnelway,2016-03-06T16:48:06Z,x706521751769878528,12263,6432,Peyton was everything we thought he was and even more - for our team &amp; community. What an AMAZING career &amp; we're thankful he was a Bronco!!,270,0.014442364,2018-11-18T15:33:00Z,0,0,"","",
x18020081,JohnKasich,2018-10-13T13:35:02Z,x1051104025431683073,341,37,"Explorers. Innovators. Leaders.
 
You can find it all here in Ohio.
 
So proud to call Neil Armstrong one of our own! https://t.co/VylzVR8FBS",15,0.03968254,2018-11-18T16:27:00Z,0,0,"","",
x32140588,Jpdabrams,2018-05-02T18:18:58Z,x991743869162225665,14,2,"Thanks @shamblanderson, for sharing an introspective ATPM quote from @AndreRoyo in New Sentences. Looking forward to your book. 
https://t.co/icD6aNKJEL",1,0.0625,2018-11-18T16:27:00Z,0,0,"","",
x126049514,JustinVerrier,2018-10-02T21:52:54Z,x1047243048751529989,87,24,LeBron is in Kobe‚Äôs old stall(s) üëÄ https://t.co/bPfLINwHpv,5,0.045045045,2018-11-18T16:27:00Z,0,0,"","",
x35069260,katienolan,2018-11-05T22:07:52Z,x1059568001849139201,1519,44,"New look @AroundtheHorn debuting on ESPN now. On Wednesday, I saw @TonyReali come to work, tape that day's ATH, leave to trick-or-treat with his family, and then come BACK to the studio to keep rehearsing this new show. Tune in and support that man.",23,0.014715291,2018-11-18T15:33:00Z,0,0,"","",
x54978190,kevinarnovitz,2018-01-06T20:14:56Z,x949736058853367808,32,8,"Stellar back-to-back eats in Sacramento: @CanonEastSac on Thursday, then an annual pilgrimage to Billy Ngo's usual magic at @krusacramento last night. Tonight: Some of the best arena food in the NBA at @Golden1Center for Kings-Nugs.",6,0.15,2018-11-18T10:23:00Z,1,0,"","",2018-11-18T20:37:54Z
x35355156,KevinOConnorNBA,2018-11-04T01:21:38Z,x1058891992296390657,1472,126,Victor Oladipo is a monster. I remain blown away by his development.,23,0.014392991,2018-11-18T16:27:00Z,0,0,"","",
x50756605,kirkgoldsberry,2017-03-08T15:26:52Z,x839497652496711680,301,99,"Congrats, Dirk! Never needed too many colors for his shot charts... https://t.co/ifVqD69oQN",6,0.015,2018-11-18T16:27:00Z,0,0,"","",
x41023170,KNegandhiESPN,2018-11-07T19:09:27Z,x1060247879774822400,6,0,Damn. This is terrible news. I saw Carlos recently. He was a good man who loved his family. I feel so bad for his family. https://t.co/eTbndNFWig,0,0,2018-11-18T16:27:00Z,0,0,"","",
x19124075,kpatra,2018-10-19T12:40:45Z,x1053264689281544192,143,15,"I‚Äôd argue this is the week to move on from Mike McCoy. 

10 days till next game vs. 49ers. Bye week after. 

Don‚Äôt wait till the bye. Give Leftwich a week to get his feet wet then spend the bye fully installing his plan. https://t.co/HgiSVFTgoJ",12,0.075949367,2018-11-18T16:27:00Z,0,0,"","",
x19252079,kpelton,2018-11-14T19:19:29Z,x1062787118982819841,3,0,This week's @peltoncast previews a key Seahawks-Packers matchup on Thursday Night Football that seems to fit how Seattle wants to run offense (emphasis on run): https://t.co/8y3xd9ChVA,0,0,2018-11-18T16:27:00Z,0,0,"","",
x432895323,LindseyGrahamSC,2018-11-03T18:47:56Z,x1058792911251365888,2094,380,Awesome day in #DeathValley with friends watching dominating performance by ‚Å¶@ClemsonFB‚Å© #GoTigers ‚Å¶@henrymcmaster‚Å© ‚Å¶@SenatorTimScott‚Å© ‚Å¶@nikkihaley‚Å© ‚Å¶@RepJeffDuncan‚Å© ‚Å¶@PamelaEvette‚Å© ‚Å¶@ClemsonPrez‚Å© https://t.co/zCoqDhRPr7,429,0.173403395,2018-11-18T16:27:00Z,0,0,"","",
x18061669,lisamurkowski,2018-10-25T21:23:35Z,x1055570593507098625,30,4,I‚Äôm always thankful for the chance to sit down with city leaders to talk through some of the work I‚Äôm doing in D.C. and to get updates on the most pressing needs they‚Äôre seeing at a local level. https://t.co/M63mND6Zvz,11,0.323529412,2018-11-18T16:27:00Z,0,0,"","",
x27649623,MarcJSpearsESPN,2018-11-10T00:55:19Z,x1061059696641994752,20,5,"Hornets say Kemba Walker has mid back tightness, but will be available to return.",4,0.16,2018-11-18T15:33:00Z,0,0,"","",
x15745368,marcorubio,2018-11-07T05:44:23Z,x1060045278684811265,13466,2613,"Bill Nelson has conceded to our new Senator &amp; my new colleague @ScottforFlorida. What exactly is CNN &amp; other outlets waiting for to call the race? We don‚Äôt need CNN to swear him in to the Senate,but its kind of annoying anyways.",1142,0.071024317,2018-11-18T16:27:00Z,0,0,"","",
x24478346,MarcSesslerNFL,2018-11-02T21:52:20Z,x1058476931518148608,57,3,"Congratulations to @Gil_Brandt, who always takes the time, whenever we see him, to talk football and life and history. A wonderful guy. Deserving of all that is heaidng his way. https://t.co/MXrc1ata3m",1,0.016666667,2018-11-18T16:27:00Z,0,0,"","",
x334468453,MarkJackson13,2018-02-25T09:36:57Z,x967694899897294849,19,1,https://t.co/q50TdAPs98 ...Great seeing u Legend!,0,0,2018-11-18T10:23:00Z,1,0,"","",2018-11-18T20:37:50Z
x41651800,markschlereth,2018-11-04T21:08:33Z,x1059190687428558849,9,0,DT on the bubble screen!,2,0.222222222,2018-11-18T10:23:00Z,1,0,"","",2018-11-18T20:37:44Z
x7429102,MarkWarner,2018-10-12T18:50:17Z,x1050820969651163137,158,50,Mourning the loss of these Virginians today. My office is here to help as communities across Virginia recover from the damage caused by Tropical Storm Michael. https://t.co/OVH5dXfkwI,3,0.014423077,2018-11-18T16:27:00Z,0,0,"","",
x1099199839,MartinHeinrich,2018-09-05T13:27:37Z,x1037331416936341505,50,19,"This is a victory for public access and the people of New Mexico. Thanks to folks like AG @HectorBalderas, and local residents like Ed Olona for making this victory possible! https://t.co/k0ogDcg3wJ",0,0,2018-11-18T16:27:00Z,0,0,"","",
x18023868,MassGovernor,2018-10-26T20:00:36Z,x1055912098277023748,15,4,"FRONT PAGE NEWS: Gov. Charlie Baker and @MassHHS Secretary Marylou Sudders come to Lynn to announce more funds to battle opioid addiction

Read more in today's @itemlive: https://t.co/MACIrRe6JE https://t.co/OMfXyKGjKq",6,0.315789474,2018-11-18T16:27:00Z,0,0,"","",
x20899023,MatthewBerryTMR,2018-10-02T01:43:54Z,x1046938796070191105,750,73,Caption this. https://t.co/K1cemhZPCx,147,0.178614824,2018-11-18T06:07:00Z,1,0,"","",2018-11-18T20:37:41Z
x92186819,maziehirono,2018-09-04T14:57:46Z,x1036991718565052418,4893,2399,"No matter what Chairman Grassley claims, Judge Kavanaugh himself said that his years as White House Staff Secretary were the ""most interesting and in many ways among the most instructive"" to his experience on the bench. And they are hiding those records from the American people. https://t.co/PQPmfGm6Ju",429,0.058831596,2018-11-18T16:27:00Z,0,0,"","",
x339822881,McConnellPress,2018-10-10T19:25:48Z,x1050105133097472001,8,3,.@SurfKYNews reports: Rough River Residents Won't Be Charged Engineers Fees thanks to @senatemajldr Mitch McConnell who secured a measure in the water infrastructure bill prohibiting the @USACEHQ from collecting these fees from impacted Kentuckians. https://t.co/eZPn4v30oz https://t.co/KKhO07PmiH,4,0.363636364,2018-11-18T16:27:00Z,0,0,"","",
x115597898,McShay13,2018-09-15T16:30:46Z,x1041001387126022144,5,0,"Great work, Jim! https://t.co/tLconBgzkh",2,0.4,2018-11-18T15:33:00Z,0,0,"","",
x22494516,mcten,2018-11-04T04:17:39Z,x1058936288810721280,56,15,The Lakers' 20-point 4th Q lead is down to 6 with 3:34 remaining here in the 4th Q. LA has 6 of its 19 turnovers in the quarter.,10,0.14084507,2018-11-18T15:33:00Z,0,0,"","",
x16228398,mcuban,2018-07-04T18:35:49Z,x1014578544326963200,3101,540,So ?  Our smartest NBA move of the last decade was to extend the calendar days of the schedule to minimize B2Bs and 4 in 5s.  Playoff schedules can be similarly adjusted/optimized for distance when necessary https://t.co/9FGTQfwsA7,210,0.057676463,2018-11-18T06:07:00Z,1,0,"","",2018-11-18T20:37:37Z
x17857868,mdotbrown,2018-11-06T05:12:19Z,x1059674819665391616,115,14,"Derrick Rose is like finding $50 in an old pair of jeans. But once you‚Äôve spent it, they‚Äôre just an old pair of jeans.",8,0.062015504,2018-11-18T16:27:00Z,0,0,"","",
x242797777,MEGovernorNews,2014-05-12T14:58:32Z,x465868633583779841,2,1,"News: LePage Administration Begins Blocking EBT Use at ATMs in Liquor Stores, Strip Clubs and Bars: For Immedi... http://t.co/vTOhulqaZe",0,0,2018-11-18T16:27:00Z,0,0,"","",
x110445334,megynkelly,2018-10-02T00:49:45Z,x1046925165693624320,20163,5943,"Due process is not misogynistic. It happens to be the bedrock of our legal system. Ms. Swetnick was just on NBC changing her story dramatically from her sworn declaration. When an accuser has credibility issues, the A. is not to shame those who recognize it. https://t.co/FpiAigEXWn",1245,0.047690186,2018-11-18T16:27:00Z,0,0,"","",
x91208190,MelKiperESPN,2018-04-11T02:05:09Z,x983888654937583616,76,6,I'll be on SportsCenter All-Access talking about my three-round mock draft when this Yankees-Red Sox game ends. https://t.co/IzfD52RObj,32,0.390243902,2018-11-18T15:33:00Z,0,0,"","",
x21231815,merrilhoge,2018-10-03T17:35:46Z,x1047540726207315968,29,7,"What great vision both these men had.  They told stories about football, supported by great film!! Brilliant! #Findaway https://t.co/Tyntf3ySJC",1,0.027777778,2018-11-18T15:33:00Z,0,0,"","",
x101566422,michaelsmith,2018-03-04T19:14:02Z,x970376842480939052,0,0,@CapnShep @Shizzlacher now see aquemeni at 4 stands out to me. but it's cool. thats how rankings work everything cant be 1 lol,0,0,2018-11-18T16:27:00Z,0,0,"","",
x84353161,MichaelVick,2018-06-26T17:35:32Z,x1011664271829340162,2707,316,I want to thank everyone for all of the heartfelt birthday wishes. I am blessed and thankful beyond words. I'm going to make this 38th bday my best year yet! üôèüèΩ #V7 https://t.co/yqj1PALdM1,137,0.045319219,2018-11-18T15:33:00Z,0,0,"","",
x52529345,MichelleDBeadle,2018-08-18T04:42:43Z,x1030676340528168962,811,27,"Sometimes, I look at these machines and just sit, mouth agape, brain scrambled, doubting the science behind the magic.  This thing.  In that sky.  If you say so.     FIN.  (This thought brought to you by airplane candy.) https://t.co/YWpkyt28Uo",87,0.103818616,2018-11-18T16:27:00Z,0,0,"","",
x39556712,MikeBeebeAR,2014-05-05T20:35:39Z,x463416759353999360,3,9,Disaster Response Centers will open in the three additional counties later this week.,0,0,2018-11-18T16:27:00Z,0,0,"","",
x600463589,MikeCrapo,2018-09-04T22:35:51Z,x1037106998574292992,45,21,Judge Brett Kavanaugh‚Äôs qualifications are not in dispute. View my opening statement during @senjudiciary hearing to #ConfirmKavanaugh HERE: https://t.co/hZIWCt5Xsg,70,1.060606061,2018-11-18T16:27:00Z,0,0,"","",
x349297814,MikePereira,2018-10-25T23:20:43Z,x1055600068957429762,332,56,"In case you didn't hear, the first in-season firing of an NFL official happened earlier today‚Ä¶",107,0.275773196,2018-11-18T10:23:00Z,1,0,"","",2018-11-18T20:37:47Z
x17958426,MikePradaSBN,2018-11-10T01:15:42Z,x1061064822895321088,13,2,Stunned that the Wizards thought they could focus for six minutes and zone out for the other 18. Never happens,0,0,2018-11-18T16:27:00Z,0,0,"","",
x95975081,minakimes,2018-11-15T19:29:25Z,x1063152007459016704,2163,214,#notmyMVP https://t.co/tmRtJjKhQQ,83,0.034917964,2018-11-18T15:33:00Z,0,0,"","",
x28870086,mortreport,2018-10-22T03:00:08Z,x1054205737436676096,276,29,These guys are athletic freaks #Chiefs #Obvious,12,0.039344262,2018-11-18T15:33:00Z,0,0,"","",
x465333646,NateDuncanNBA,2018-11-15T22:48:10Z,x1063202023867203585,6,1,#NBACast returns tonight for Warriors/Rockets. Follow on Twitch https://t.co/MZJKpQsTvg.  And re-live the best moment of last week's broadcast: https://t.co/CVYNPAJHRG,1,0.142857143,2018-11-18T16:27:00Z,0,0,"","",
x16017475,NateSilver538,2018-11-13T17:49:17Z,x1062402032521412608,1794,510,Big spike in the number of women in Congress after years of slow growth. https://t.co/aMapBhArYt https://t.co/LWURpgHI7n,51,0.022135416666666668,2018-11-24T09:30:00Z,0,0,,,
x19218763,Neil_Paine,2018-08-14T17:52:02Z,x1029425427209773058,45,21,"With today's announcement that @alo_oficial is leaving F1, we should appreciate just how great Alonso has been over the course of his career: https://t.co/FqVw5YO6Vt",2,0.03030303,2018-11-18T16:27:00Z,0,0,"","",
x10326832,neilabercrombie,2014-10-07T01:19:38Z,x519295953581273089,4,4,MOU signing &amp; blessing ceremony for a new mobile crane that allows us to establish an alternate port at Pearl Harbor http://t.co/5Qse74jfnq,1,0.125,2018-11-18T16:27:00Z,0,0,"","",
x12398782,netw3rk,2018-11-12T03:27:33Z,x1061822783087247360,469,22,brook‚Äôs career is wild. lots of guys say ‚ÄúI‚Äôm going to start shooting 3s‚Äù but very few actually manage to do it to say nothing of doing it at a high level.,13,0.026476578,2018-11-18T16:27:00Z,0,0,"","",
x34104616,nflcommish,2014-09-05T00:33:35Z,x507687955893596161,791,814,Here we go. Enjoy the season #Kickoff2014,771,0.480373832,2018-11-18T15:33:00Z,0,0,"","",
x234521957,notthefakeSVP,2018-11-01T01:52:11Z,x1057812515260981248,19115,2352,This man has married an absolute gem of a woman. https://t.co/Px2ZrmMhq0,84,0.003912983,2018-11-18T16:27:00Z,0,0,"","",
x232268199,NYGovCuomo,2018-10-12T17:53:39Z,x1050806720858066945,131,39,"Coming soon: 44 new electric vehicle charging ports in Rochester &amp; Buffalo! Expanding our EV infrastructure across the state will help us reduce greenhouse gas emissions and combat climate change. So far, NY has helped install 2,000 charging ports.
https://t.co/Kfs92zBBLP",90,0.529411765,2018-11-18T16:27:00Z,0,0,"","",
x142334996,OHPressSec,2016-08-12T19:17:05Z,x764178913425813504,1,0,The 1st #OhioExports interns made a lasting impact on global sales for small businesses. https://t.co/gfulF1z8w9 https://t.co/9QPnH4adEU,2,2,2018-11-18T16:27:00Z,0,0,"","",
x81411085,outsidethenba,2018-11-09T18:41:46Z,x1060965689631084549,4,2,"-sauce!
-the blazers are fun
-lou and harrell had a little disagreement here https://t.co/NcWH7RSegk",0,0,2018-11-18T16:27:00Z,0,0,"","",
x16963843,PabloTorre,2018-11-03T19:24:01Z,x1058801993844690945,482,34,I am here for Manu‚Äôs eFG takes https://t.co/9oiLO2YrPI,4,0.007751938,2018-11-18T16:27:00Z,0,0,"","",
x293131808,PattyMurray,2018-10-29T19:04:00Z,x1056985016918568966,112,38,"""These recent events have left me saddened. But what it hasn‚Äôt done is cause me to give up. We didn‚Äôt give up in 1992, &amp; so we can‚Äôt give up now.""

READ Senator Murray rallies everyone to keep fighting after Justice Kavanaugh's confirmation in @Refinery29: https://t.co/mr57IhRivx",21,0.14,2018-11-18T16:27:00Z,0,0,"","",
x32135704,peter_king,2018-10-29T06:54:27Z,x1056801420349853696,41,11,"From Los Angeles, my Week 8 Football Morning in America column is up: https://t.co/wwMSWNKtTZ https://t.co/h7XelH3We1",6,0.115384615,2018-11-18T11:13:00Z,1,0,"","",2018-11-18T20:37:56Z
x858716964,PFTCommenter,2018-11-12T14:58:39Z,x1061996703384043525,406,21,hey @bengals https://t.co/M8GDGRYWKg,8,0.018735363,2018-11-17T11:29:00Z,1,0,"","",2018-11-18T20:37:33Z
x1061748524168216576,punditratio,2018-11-17T18:21:56Z,x1063859800646328322,0,0,Congratulations @RealSkipBayless on your ratio of 0.71! This is the first time I've scored you. Be aware of your ratio with future tweets! https://t.co/ZpXfAEqGVX,0,0,2018-11-18T15:33:00Z,0,0,"","",
x41509142,Rachel__Nichols,2018-11-12T03:13:13Z,x1061819175167905792,2544,179,Yeah this is amazing üòÇ https://t.co/zjBeZU61MQ,23,0.008446566,2018-11-18T16:27:00Z,0,0,"","",
x17507250,ramonashelburne,2018-10-27T06:19:44Z,x1056067906612514817,1003,82,I cannot overstate how good a play that was by Maeda. Nerves of steel to go to 3rd on that.,33,0.030414747,2018-11-18T16:27:00Z,0,0,"","",
x216881337,RandPaul,2018-10-17T15:54:03Z,x1052588557913722880,374,87,"Great roundtable in Hazard, KY this morning - one of the top issues brought up was the water levels at Buckhorn Lake and how the Corps won‚Äôt extend the season. I look forward to doing everything I can to try and resolve this problem and support local tourism. https://t.co/UmRU6DY9es",23,0.04989154,2018-11-18T16:27:00Z,0,0,"","",
x245494691,realjerryjones,2011-02-01T21:04:10Z,x32544760153509889,29,14,On the set with Showtime's Inside the NFL--taping at  Cowboys Stadium. http://yfrog.com/hs9t5msj,46,1.069767442,2018-11-18T11:13:00Z,1,0,"","",2018-11-18T20:37:56Z
x284089166,RealMikeWilbon,2018-05-29T02:25:07Z,x1001288294414594048,2089,358,"2 stupid calls on one play: first that's a really dumb foul to call on Klay...second, if that was a foul and Harden was in the air why the hell didnt the 3 count and one?!?!?",156,0.063751532,2018-11-18T10:23:00Z,1,0,"","",2018-11-18T20:37:51Z
x43139414,RealSkipBayless,2018-11-11T20:52:20Z,x1061723321484496897,3626,514,HOW BOUT THAT BAKER MAYFIELD LEADING THE BROWNS TO A 28-16 UPSET OF THE FALCONS (WITH LOTS OF HELP FROM HIS ROOKIE CAMP ROOMMATE NICK CHUBB).,103,0.024879227053140097,2018-11-24T09:30:00Z,0,0,"","",
x198560066,ReggieMillerTNT,2018-08-25T03:03:55Z,x1033188193061888002,657,32,"Can‚Äôt thank everyone enough for the Birthday Wishes, y‚Äôall are the best.. Looking forward to another blessed year.. #TimeForSomeCakeCakeCake https://t.co/5a1mSBthUY",51,0.074020319,2018-11-18T15:33:00Z,0,0,"","",
x40168339,RicBucher,2018-10-27T02:59:08Z,x1056017425479610368,113,29,"Of course, it never gets to that if D‚ÄôAngelo Russell doesn‚Äôt showboat by trying a no-look pass while all the Nets have to do is keep the ball. I want to punch something and I don‚Äôt even have a dog in the fight. https://t.co/XZX1AXBNPs",23,0.161971831,2018-11-18T15:33:00Z,0,0,"","",
x25019638,richarddeitsch,2018-10-22T13:42:24Z,x1054367370376925184,5,0,"NEW MEDIA COLUMN: The best of the week in journalism is led by the secret betrayal that sealed Nike‚Äôs special influence over the University of Oregon. Item No. 4

https://t.co/BV2ldZjYka",1,0.2,2018-11-18T06:07:00Z,1,0,"","",2018-11-18T20:37:35Z
x34701524,richeisen,2018-11-13T01:19:07Z,x1062152848694071296,316,29,"Odell drop
Saquon dropped for loss
Eli checks down way short of sticks
#Giants still on their bye",33,0.095652174,2018-11-18T16:27:00Z,0,0,"","",
x218129328,RobertKlemko,2018-11-07T02:03:42Z,x1059989739426603008,11,2,"Devaroe was fun to talk to. Loved his take. This story also quotes Joel Bitonio, Christian Kirksey, Larry Ogunjobi, Breshad Perriman, Tyrod Taylor and Kevin Zeitler. Hope you enjoy. https://t.co/KHHu8fOOkC",0,0,2018-11-22T09:41:00Z,0,0,"","",
x143597858,robertmays,2018-11-09T18:04:36Z,x1060956336538583041,56,4,"Holy shit, is that depressing. https://t.co/GXU1fRdGjr",6,0.1,2018-11-18T16:27:00Z,0,0,"","",
x34983118,RobParkerFS1,2018-11-08T21:42:14Z,x1060648717391282176,17,1,Totally false. Sports has a short menu: wins and losses. If we‚Äôre keeping score - and we always do - the goal is to win.  Period! https://t.co/0Vyf8AEeID,7,0.388888889,2018-11-18T10:23:00Z,1,0,"","",2018-11-18T20:37:42Z
x250188760,RonWyden,2018-10-30T23:06:44Z,x1057408490702962688,56,13,Toured the new @VirginiaGarcia clinic today in Beaverton. Incredibly impressive site that provides quality health care for so many in Washington County. https://t.co/3KXkVtVHq4,7,0.101449275,2018-11-18T16:27:00Z,0,0,"","",
x21269970,RoyBlunt,2018-10-23T14:36:05Z,x1054743267781341184,14,6,".@Paws4Autism, a nonprofit that trains dogs to help kids with autism, is now serving families in St. Joseph https://t.co/Fe5k8h2kZK",21,1.05,2018-11-18T16:27:00Z,0,0,"","",
x27373324,RoyceWebb,2018-09-25T18:59:57Z,x1044662810343616513,0,0,"@kirkgoldsberry hey, follow me when you get this  üèÄ",0,0,2018-11-18T15:33:00Z,0,0,"","",
x19314586,SandoESPN,2018-10-22T00:19:42Z,x1054165361325731840,4,0,Great scene here in KC! https://t.co/LQPkA7duqR,0,0,2018-11-18T15:33:00Z,0,0,"","",
x275572403,SASCMajority,2017-09-27T21:19:21Z,x913151095832182790,77,19,SASC voted to report the nomination of Gen. Dunford for reappointment as Chairman of @thejointstaff. Nomination now goes to Senate floor.,10,0.104166667,2018-11-18T16:27:00Z,0,0,"","",
x33750798,ScottWalker,2018-11-02T22:40:03Z,x1058488940733317120,34,14,Great to spend time in Altoona and share our positive vision for the future with more jobs and higher wages. Check out our plans for Wisconsin: https://t.co/MDgM3TCvxW https://t.co/DKYBYugr9K,35,0.729166667,2018-11-18T16:27:00Z,0,0,"","",
x234406945,SDGovDaugaard,2018-07-10T13:35:21Z,x1016677256436113408,38,7,"Big Supreme Court news yesterday. It was great to join Mark E. Salter as he was sworn in as a justice of the South Dakota Supreme Court. 

Looks like there was a good announcement in DC also. https://t.co/B2exWqXm13",2,0.044444444,2018-11-18T16:27:00Z,0,0,"","",
x41634520,seanhannity,2018-11-06T19:45:05Z,x1059894456911044608,3093,928,.@dbongino  with the biggest surprises in this critical Election Day period https://t.co/hCTYOldqrO,250,0.062173589,2018-11-18T16:27:00Z,0,0,"","",
x54359015,SeanParnellAK,2014-09-07T23:36:36Z,x508760778137022464,1,3,Glad to see hundreds of tourists are already arriving in Fairbanks to view Alaska‚Äôs Northern Lights. http://t.co/Dr3sb7LIPB,1,0.25,2018-11-18T16:27:00Z,0,0,"","",
x234374703,Sen_JoeManchin,2018-08-22T12:00:00Z,x1032235938057879552,415,111,"For a lot of West Virginians with pre-existing conditions, insurance coverage is the difference between life and death, and I will do everything I can to protect them. #WV https://t.co/7EgNGmpPnF",134,0.254752852,2018-11-18T16:27:00Z,0,0,"","",
x76649729,SenAlexander,2018-10-19T16:00:00Z,x1053314831028285441,14,8,My statement on the passing of former Tennessee Farm Bureau Federation President W. Lacy Upchurch. https://t.co/1pvOg40Y1n,14,0.636363636,2018-11-18T16:27:00Z,0,0,"","",
x1068481578,SenAngusKing,2018-08-29T21:08:06Z,x1034910589519372288,279,85,"A victory for not only newspapers, but also for citizens and communities throughout Maine and across the country. This thoughtful decision ensures that local newspapers will not face added obstacles in their continued efforts to inform the American people. https://t.co/WjeMAbhT4q",12,0.032967033,2018-11-18T16:27:00Z,0,0,"","",
x233696188,SenateAgDems,2018-08-16T19:07:17Z,x1030169139896307713,6,5,"New report shows that healthy food incentives in the Farm Bill are a win-win:

ü•ï Families eat more fresh fruits and vegetables
üë©‚Äçüåæ Farmers profit by selling more produce to their neighbors

The Senate #FarmBill18 secures permanent support for this important initiative. https://t.co/ay5K5hdHXu",0,0,2018-11-18T16:27:00Z,0,0,"","",
x104324860,SenateBanking,2017-10-03T21:18:06Z,x915325109048676353,0,2,@SherrodBrown Opening Statement at Banking Committee Hearing on Wells Fargo https://t.co/kgMEqCP6iw,0,0,2018-11-18T16:27:00Z,0,0,"","",
x172470598,SenateBudget,2015-05-27T15:32:33Z,x603584581833510912,0,0,"@ezraklein at @voxdotcom - Bernie Sanders has big ideas, and they deserve our attention

http://t.co/WNPGoPKaF1",0,0,2018-11-18T16:27:00Z,0,0,"","",
x73238146,SenateDems,2018-10-30T15:30:41Z,x1057293723153788928,165,195,"Open enrollment for your 2019 health insurance begins on Thursday, November 1! 

Make sure you have coverage for 2019 by visiting https://t.co/5DfoxVJJ4N. https://t.co/VlqYO2U9SR",37,0.102777778,2018-11-18T16:27:00Z,0,0,"","",
x55421408,SenateDoctors,2010-06-22T15:15:27Z,x16778142301,0,0,Dr Barrasso and @SenJohnMcCain are on the Senate floor talking about health care. Watch live: http://cs.pn/d2mkdG #hcr,0,0,2018-11-18T16:27:00Z,0,0,"","",
x14344823,SenateGOP,2018-10-21T14:10:00Z,x1054011926009733120,640,153,"‚ÄúI‚Äôm proud of our vote to confirm Justice Brett Kavanaugh‚Äù Read more as @SenateMajLdr discusses Senate confirmation ‚Äúof one of the most qualified Supreme Court nominees in history.‚Äù‚§µÔ∏è
https://t.co/WJuu3rj4xH",162,0.204287516,2018-11-18T16:27:00Z,0,0,"","",
x1249982359,senatemajldr,2018-09-12T19:33:09Z,x1039960124733968384,784,244,"Last week, the nation watched the president‚Äôs outstanding Supreme Court nominee, Judge Brett Kavanaugh, testify before the Judiciary Committee. They saw Chairman @ChuckGrassley guide the committee with gracious, strong leadership and an incredible amount of patience.",815,0.792801556,2018-11-18T16:27:00Z,0,0,"","",
x1074518754,SenatorBaldwin,2018-10-03T16:00:01Z,x1047516631176544256,1453,545,I have the support I need to force a Senate vote on my legislation to overturn Trump‚Äôs expansion of junk insurance plans. #NoJunkPlans #ProtectOurCare https://t.co/YeiDcB1Wn0,93,0.046546547,2018-11-18T16:27:00Z,0,0,"","",
x21157904,SenatorBurr,2018-09-07T18:30:49Z,x1038132498151170048,47,18,"In August, the U.S. job market added 201,000 jobs and wages rose at the highest rate in nearly a decade, 2.9 percent. The numbers don't lie - the #TaxCutsandJobsAct is working. https://t.co/VJIyBDTUFn",134,2.061538462,2018-11-18T16:27:00Z,0,0,"","",
x117501995,SenatorCantwell,2018-10-15T21:30:00Z,x1051948328835928064,183,98,"NEW STUDY: ""Nearly 20% of low-income people in states that did not expand #Medicaid said they passed up needed medical care in the past 12 months because they couldn‚Äôt afford it.""

Medicaid is a key part of our #healthcare delivery system.

https://t.co/Xz4Dxevfxx",29,0.103202847,2018-11-18T16:27:00Z,0,0,"","",
x109071031,SenatorCardin,2018-10-11T19:38:18Z,x1050470665579585536,232,113,"Yesterday, I voted in support of @SenatorBaldwin's resolution to overturn the Trump Administration's expansion of junk insurance plans.

Unfortunately every Senate Republican but one opposed the resolution, voting instead to allow the rollback of critical #healthcare protections.",18,0.052173913,2018-11-18T16:27:00Z,0,0,"","",
x249787913,SenatorCarper,2018-10-01T16:02:02Z,x1046792364126351360,223,176,"Is this really the way @realDonaldTrump's administration intends to celebrate #NationalChildHealthDay?

Scrapping the rule that keeps mercury ‚Äì a known neurotoxin ‚Äì from polluting our environment and permanently affecting our young, developing children is a new low https://t.co/CWp1VWyat1",18,0.045112782,2018-11-18T16:27:00Z,0,0,"","",
x19726613,SenatorCollins,2018-08-07T18:12:37Z,x1026893894745772032,293,23,"There are far too many delicious meals to choose just one! Congrats to all the restaurants in Portland that make this city not only a culinary destination, but a great place to work, live, &amp; visit. https://t.co/KSis8USlpS",156,0.493670886,2018-11-18T16:27:00Z,0,0,"","",
x247334603,SenatorDurbin,2018-10-26T14:50:56Z,x1055834165399175169,310,120,Joined Senate colleagues on a bipartisan letter to Secretary Pompeo this week about the Trump Administration‚Äôs abandonment of the refugee admissions program. This is an unprecedented move as the world faces a refugee crisis unlike it has ever seen. https://t.co/SidhtcsdPe,52,0.120930233,2018-11-18T16:27:00Z,0,0,"","",
x291756142,SenatorEnzi,2018-08-17T03:02:11Z,x1030288655104004101,12,12,The Obama-era Waters of the U.S. (WOTUS) rule was a massive regulatory overreach by the EPA that should have never been allowed in the first place. It is disappointing that a federal judge reinstated WOTUS in some states. https://t.co/89i4cPl7at,16,0.666666667,2018-11-18T16:27:00Z,0,0,"","",
x1071402577,SenatorFischer,2018-09-18T15:14:41Z,x1042069405939769346,14,6,Happy birthday to the @usairforce! Thank you to the men and women who have protected our skies and our nation for the last 71 years! #AFBday https://t.co/t53F1YvBLG,9,0.45,2018-11-18T16:27:00Z,0,0,"","",
x946549322,SenatorHassan,2018-10-12T20:15:27Z,x1050842404528553984,57,17,"I am extremely glad to hear the news that Pastor Andrew Brunson has been released from his unjust imprisonment in Turkey. I'm thankful for all those who worked to free him, including @SenatorShaheen. I hope he is able to return home as soon as possible.",20,0.27027027,2018-11-18T16:27:00Z,0,0,"","",
x1061029050,SenatorHeitkamp,2018-10-30T18:45:00Z,x1057342623625764864,67,36,Proud to be part of the new @FargoPolice music video to help bring together law enforcement &amp; the Fargo community &amp; raise awareness about all the great work they do to keep our communities safe. Watch here. #ItsTime https://t.co/E4lWFchENA,4,0.038834951,2018-11-18T16:27:00Z,0,0,"","",
x78403308,SenatorIsakson,2018-10-17T18:10:16Z,x1052622838258167808,24,6,"Thanks to @GeorgiaPower and the dedication of our utility service providers from in- and out-of-state throughout #HurricaneMichael. You‚Äôve been working around-the-clock to get Georgia up and running again, and we appreciate it! https://t.co/0NdIuPHzFd",5,0.166666667,2018-11-18T16:27:00Z,0,0,"","",
x225921757,SenatorLankford,2018-09-20T22:47:59Z,x1042908255469666304,89,22,"It is good for the US to finally have a National Cyber Strategy in place to secure critical networks, effectively deter &amp; respond to bad actors, &amp; protect our economy while promoting a free and open internet. This has been a significant need for years.",37,0.333333333,2018-11-18T16:27:00Z,0,0,"","",
x242836537,SenatorLeahy,2018-10-25T13:56:52Z,x1055458171307868160,137,62,"Today would be good day for #POTUS to FINALLY endorse our bipartisan #CREATES Act, to actually DO something to bring down prescription drug costs, removing obstacles to generic competition. #CBO scores $3.8 B in fed. savings. Billions more for consumers. https://t.co/6F9msQGkxX",4,0.020100503,2018-11-18T16:27:00Z,0,0,"","",
x18695134,SenatorMenendez,2018-10-20T21:12:29Z,x1053755857975029761,75,18,"Celebrating 125 years of the Wallace Temple AME Zion Church in Bayonne!  The mission of this church and its pastor, Reverend Dorothy Patterson, is exactly what I advocate for in the Senate: human rights, social justice, tolerance and inclusion. Loved being here today. https://t.co/iZY7REaijW",49,0.52688172,2018-11-18T16:27:00Z,0,0,"","",
x1096059529,SenatorRisch,2018-08-26T01:28:24Z,x1033526543392415745,110,20,Our country has lost a true American patriot today. John McCain served with honor and was a fighter in every sense of the word. I am proud to have called him a close personal friend of Vicki‚Äôs and mine. We spent a number of enjoyable days with him and Cindy in Idaho -,17,0.130769231,2018-11-18T16:27:00Z,0,0,"","",
x2955485182,SenatorRounds,2018-09-25T16:13:58Z,x1044621040637419523,6,4,"Pheasant hunting is not only a season, it is a way of life. I‚Äôm looking forward to getting out in the field with friends &amp; family this year and carrying on the tradition.

https://t.co/1MB1wOGbaN",2,0.2,2018-11-18T16:27:00Z,0,0,"","",
x109287731,SenatorShaheen,2018-10-11T20:53:26Z,x1050489575016161280,118,41,"In the U.S. Senate, I am committed to advocating for girls in the U.S. &amp; around the globe. On #InternationalDayoftheGirl it‚Äôs important to remember that when we empower girls, they change the world. https://t.co/oNLK5UbqNP",10,0.062893082,2018-11-18T16:27:00Z,0,0,"","",
x515822213,SenatorTester,2018-09-04T22:11:49Z,x1037100949351944193,72,20,"My statement on the opening day of Judge Brett Kavanaugh‚Äôs Supreme Court confirmation hearing: https://t.co/Xyavy9VvyH 
#mtpol #SCOTUS https://t.co/FfUMT6fX0C",105,1.141304348,2018-11-18T16:27:00Z,0,0,"","",
x217543151,SenatorTimScott,2018-10-09T18:59:14Z,x1049736060786356224,2682,296,Ambassador @NikkiHaley has been a trailblazer ever since she was Governor of our home state of South Carolina. Her seamless transition from the Governor‚Äôs Office to the United Nations is a testament to her undaunted love for our country. (1/2),31,0.010409671,2018-11-18T16:27:00Z,0,0,"","",
x60828944,SenatorTomUdall,2018-10-08T22:49:52Z,x1049431713951227904,96,23,"Enjoyed stopping by @IndianPueblo for their celebration of Indigenous Peoples Day. As the top Democrat on @IndianCommittee, I'm committed to working to honor the Native cultures that play such an important role in #NM &amp; in our shared history. https://t.co/mdKeLgBCIH",0,0,2018-11-18T16:27:00Z,0,0,"","",
x264219447,SenatorWicker,2018-10-10T21:40:54Z,x1050139132314509312,22,7,"Today I met with representatives from the Mississippi Head Start Association to discuss my support for the Head Start program, which provides early childhood education, health, and nutrition services to low-income children and their families. @NatlHeadStart https://t.co/LMWCVcKCxx",4,0.137931034,2018-11-18T16:27:00Z,0,0,"","",
x224285242,SenBennetCO,2018-08-31T21:28:15Z,x1035640435673317377,3921,2169,"Earlier today, I had an opportunity to review some of Supreme Court nominee Kavanaugh's documents that the Republicans have kept from the American people. Given the enormous stakes around Judge Kavanaugh‚Äôs nomination, these documents should be made public immediately.",202,0.03316913,2018-11-18T16:27:00Z,0,0,"","",
x20597460,SenBillNelson,2018-09-13T17:19:22Z,x1040288841519771648,350,139,"The NSF announced today a $30 million award for researchers to study harmful algae blooms, including @FGCU. I've pushed for increased NSF funding for algae research and I‚Äôm glad to see it is being put to work to help fix this algae crisis. https://t.co/FsFRLPSWM9",30,0.061349693,2018-11-18T16:27:00Z,0,0,"","",
x278124059,SenBlumenthal,2018-10-24T01:02:40Z,x1054900951373484034,426,251,"Welcome to Helsinki 2.0! Another opportunity for Trump to cozy up to his favorite tyrant, even as Putin‚Äôs puppets are indicted for attacking our democracy. 99 days after Helsinki 1.0, we still have no idea what secret concessions Trump made. https://t.co/qd24wc2SsS",85,0.125553914,2018-11-18T16:27:00Z,0,0,"","",
x171598736,SenBobCasey,2018-09-04T14:36:37Z,x1036986397020831746,1352,576,The Senate Judiciary Committee is holding a hearing on the Kavanaugh nomination even though millions of pages of documents from his White House tenure have not been released.,187,0.096991701,2018-11-18T16:27:00Z,0,0,"","",
x73303753,SenBobCorker,2018-06-20T21:24:32Z,x1009547573852626945,20,5,This is good news for self-employed individuals and the millions of Americans who work for small businesses. My full statement on this announcement: https://t.co/Pe5BzrqxCw. https://t.co/LQ3Wm279Gu,20,0.8,2018-11-18T16:27:00Z,0,0,"","",
x1262099252,SenBrianSchatz,2017-11-30T21:24:37Z,x936345244945195008,115,77,This Republican tax scam gives millionaires a tax cut paid for by the middle class.,16,0.083333333,2018-11-18T16:27:00Z,0,0,"","",
x193794406,SenCapito,2018-10-14T21:17:23Z,x1051582767862087680,7,5,TOMORROW: Service academy applications are due by 5 p.m. Click here if you‚Äôre interested in applying or want to learn more: https://t.co/3ztOlfr5qc,3,0.25,2018-11-18T16:27:00Z,0,0,"","",
x435500714,SenCoonsOffice,2015-01-14T14:07:22Z,x555365561161752577,0,3,"Senator Coons, Hatch, Klobuchar, Rubio, Flake, Blumenthal introduce high-skilled immigration bill http://t.co/0Jge1AwOwX #netde",0,0,2018-11-18T16:27:00Z,0,0,"","",
x811313565760163844,SenCortezMasto,2018-10-26T22:27:43Z,x1055949119066423296,11,3,Tourism has long been the lifeblood of NV &amp; its impact is helping economies from Ely to Austin. Read about my commitment to ensure that our communities have the resources &amp; tools necessary to tap into their tourism potential &amp; strengthen local economies &gt;&gt; https://t.co/iHJHdPyDwd,1,0.071428571,2018-11-18T16:27:00Z,0,0,"","",
x235217558,SenCoryGardner,2018-08-14T19:44:01Z,x1029453610755731457,22,9,I had an excellent visit to @NREL today with @SecretaryPerry. NREL continues to be an international leader in creating technologies stemming from their science and energy research. https://t.co/05UCnNW2Mz,20,0.64516129,2018-11-18T16:27:00Z,0,0,"","",
x2891210047,SenDanSullivan,2018-07-11T23:50:33Z,x1017194465440694273,20,8,Kikkan Randall has the admiration of a whole state behind her as she undertakes her battle against cancer. No doubt she‚Äôll tackle this challenge with the same grace and internal fire that‚Äôs made her a champion for the ages. We‚Äôre all pulling for you @kikkanimal! https://t.co/ZcwgkZE19w,3,0.107142857,2018-11-18T16:27:00Z,0,0,"","",
x2863210809,sendavidperdue,2018-09-20T13:23:19Z,x1042766153511313409,133,63,.@POTUS' agenda is working. The economy is growing at twice the rate as it did under Obama. We‚Äôve nominated &amp; confirmed 68 federal judges. The thing that‚Äôs lacking is we can‚Äôt properly secure the border because of the Democrats' historic level of obstruction. https://t.co/cjkK1tUdDj,104,0.530612245,2018-11-18T16:27:00Z,0,0,"","",
x266133081,SenDeanHeller,2018-09-23T00:46:16Z,x1043662801976401920,48,19,"Encouraged to see that the 5-year FAA reauthorization reflects the needs of some of #NV‚Äôs top industries - aviation, tourism, &amp; drones - and includes 13 of my priorities. Learn more about this legislation: https://t.co/8nYUaIOg54",52,0.776119403,2018-11-18T16:27:00Z,0,0,"","",
x216503958,SenDonnelly,2018-10-11T18:07:33Z,x1050447830559670272,99,33,The Indiana Credit Union League honored Joe as its 2018 Outstanding Hoosier Legislator. The award recognizes Joe‚Äôs bipartisan work to craft regulatory relief legislation ‚Äì which was signed into law ‚Äì that is helping reduce burdens on the 154 community credit unions in Indiana. https://t.co/yUo7lmZJCp,24,0.181818182,2018-11-18T16:27:00Z,0,0,"","",
x941080085121175552,SenDougJones,2018-08-29T00:37:34Z,x1034600913321828352,156,32,Judge Moorer will serve the Southern District with distinction. I was proud to support his confirmation today and to congratulate him personally for his historic appointment as the first African-American to hold this seat. https://t.co/xgepDcUbtK,5,0.026595745,2018-11-18T16:27:00Z,0,0,"","",
x1058520120,SenDuckworth,2018-10-11T14:45:17Z,x1050396927173582849,1265,492,"Seniors, workers with disabilities and Veterans who rely on Social Security benefits use them on prescription medications, food and housing. Today‚Äôs COLA increase does not reflect the real cost they carry. I oppose any Social Security cuts and am fighting to #ExpandSocialSecurity",67,0.038133182,2018-11-18T16:27:00Z,0,0,"","",
x476256944,SenFeinstein,2018-10-20T22:03:43Z,x1053768751500410885,703,178,Great news. Israel has indefinitely delayed the demolition of the Bedouin village of Khan al-Ahmar. https://t.co/oBbSX7EVVA,174,0.19750283799999999,2018-11-18T16:27:00Z,0,0,"","",
x236511574,SenGaryPeters,2018-08-21T16:46:03Z,x1031945539309510656,61,19,"‚ö°Ô∏è ‚ÄúThe Future of Line 5 &amp; Protecting the Great Lakes‚Äù

https://t.co/XoYIKuCE7F",16,0.2,2018-11-18T16:27:00Z,0,0,"","",
x72198806,SenGillibrand,2018-11-07T14:41:56Z,x1060180557999427584,12699,2727,"The story of last night‚Äôs election? Women breaking barriers, women winning everywhere.

The resistance is female, intersectional and powered by our belief in one another. We‚Äôre only getting started.",507,0.032866589,2018-11-18T16:27:00Z,0,0,"","",
x983348251972816896,SenHydeSmith,2018-09-04T21:40:10Z,x1037092984142143488,7,5,We can look forward to more intelligent insights from Judge Kavanaugh at his #SCOTUS confirmation hearing tomorrow. His opening statement this afternoon was excellent. https://t.co/LgkI0npurl,11,0.916666667,2018-11-18T16:27:00Z,0,0,"","",
x486694111,SenJackReed,2018-09-18T19:09:22Z,x1042128464860413953,19,5,Wishing a meaningful and easy fast to all those observing #YomKippur #GmarChatimaTova https://t.co/uc2CvC7787,3,0.125,2018-11-18T16:27:00Z,0,0,"","",
x29201047,SenJeffMerkley,2018-10-24T17:52:01Z,x1055154961909252097,83,34,New report from @USAChildCare shows the cost of childcare remains too high ‚Äì on par with mortgages and college tuition. Parents should never have to choose between work &amp; safe care for their kids. #ChildCareandUS https://t.co/0zgRbmZZwy,13,0.111111111,2018-11-18T16:27:00Z,0,0,"","",
x202206694,SenJohnBarrasso,2018-08-19T00:37:15Z,x1030976954328080384,46,8,Bobbi and I enjoyed celebrating the grand opening of the High Altitude Performance Center and reopening of the Rochelle Athletic Center at the University of Wyoming. Glad to see our #UWYO student athletes have access to state of the art training facilities. #OneWyoming #GoWyo https://t.co/xrvzVV6zT7,12,0.222222222,2018-11-18T16:27:00Z,0,0,"","",
x382791093,SenJohnHoeven,2018-09-17T21:44:39Z,x1041805155417640960,7,4,Congrats to @TeamMinot individuals receiving #AFGSC awards today: Capt. Alyssa Ford &amp; 1st Lt. Collin Crane recognized as best missile combat crew &amp; CHILL 33 crew as best bomber aircrew. https://t.co/YQYXf6nKDf,7,0.636363636,2018-11-18T16:27:00Z,0,0,"","",
x816683274076614656,SenJohnKennedy,2018-09-16T13:27:47Z,x1041317726843744258,74,9,Tune in to @FoxNewsSunday now to watch me discuss the latest with #JudgeKavanaugh. #FoxNewsSunday,70,0.843373494,2018-11-18T16:27:00Z,0,0,"","",
x19394188,SenJohnMcCain,2018-06-11T13:11:32Z,x1006162013847015424,4856,689,"Cindy &amp; I send our heartfelt condolences to the family &amp; friends of Staff Sgt. Alexander W. Conrad of Chandler, #Arizona https://t.co/Dzglm2f7sT",153,0.027592426,2018-11-18T16:27:00Z,0,0,"","",
x296361085,SenJohnThune,2018-10-03T16:50:14Z,x1047529267251335169,25,13,"Glad the Senate passed the bipartisan #FAAReauthorization Act, a bill that would reauthorize federal aviation programs to modernize airport infrastructure, improve service for the flying public, enhance safety, and boost aviation industry innovation. 
https://t.co/LdyyopvFkZ",3,0.078947368,2018-11-18T16:27:00Z,0,0,"","",
x2856787757,SenJoniErnst,2018-10-06T20:26:27Z,x1048670843621052418,2061,368,Judge Kavanaugh is a highly-qualified justice committed to the rule of law and the United States Constitution.  I congratulate Judge Kavanaugh on being confirmed by the U.S. Senate for his lifetime appointment to the Supreme Court of the United States. #JusticeKavanaugh,375,0.15438452,2018-11-18T16:27:00Z,0,0,"","",
x803694179079458816,SenKamalaHarris,2018-10-03T22:17:20Z,x1047611584380588033,6105,2652,"The FBI should be allowed to thoroughly investigate allegations against Kavanaugh and interview key witnesses, and the White House must share any directives they‚Äôve made to the FBI. The American people deserve to know. https://t.co/kHJQGfJ1R5",408,0.046591298,2018-11-18T16:27:00Z,0,0,"","",
x21406834,SenMarkey,2018-10-25T15:59:02Z,x1055488916617379841,50,30,"More than a month after the gas explosions &amp; fires in the Merrimack Valley, thousands of residents are still without gas &amp; unable to heat their homes. With winter nearing, @SenWarren and I are calling for emergency home heating funds to be made available.
https://t.co/LZrDtzd6qa",4,0.05,2018-11-18T16:27:00Z,0,0,"","",
x88784440,SenMikeLee,2018-07-26T00:40:34Z,x1022280482413846529,80,20,Who wore it better? The @SkiUtah yeti or @RepRobBishop? #utpol #TasteOfUtahDC https://t.co/6dD5QSPEhG,16,0.16,2018-11-18T16:27:00Z,0,0,"","",
x262756641,senorrinhatch,2018-11-11T00:58:59Z,x1061423007531450368,313,49,Happy (late) Birthday to Senator Hatch‚Äôs Chief of Staff Matt Sandgren! https://t.co/E4GgtRvXZi,14,0.038674033,2018-11-18T16:27:00Z,0,0,"","",
x75364211,SenPatRoberts,2018-09-08T18:35:51Z,x1038496152944041985,7,4,Come on out to the @KansasStateFair and stop by and say hello at my booth in the Meadowlark Building!,7,0.636363636,2018-11-18T16:27:00Z,0,0,"","",
x18915145,senrobportman,2018-11-02T19:41:33Z,x1058444018516922369,22,8,"Today I visited the @HopewellOhioNPS &amp; was able to see firsthand the unmet maintenance needs, including the exterior of the visitor center &amp; trail repair. My Restore Our Parks Act will benefit this park as well as the 7 other national park sites in #Ohio https://t.co/Aggq9bofP6",12,0.4,2018-11-18T16:27:00Z,0,0,"","",
x233737858,SenRonJohnson,2018-09-20T18:15:00Z,x1042839558792962048,8,10,The Families Act is a narrowly tailored solution to a lose-lose situation when it comes to keeping families together at the border. https://t.co/xzg6vcVmGp,16,0.888888889,2018-11-18T16:27:00Z,0,0,"","",
x29442313,SenSanders,2018-10-10T21:21:18Z,x1050134201624858624,5169,2055,"Not only are the Koch brothers and other Republican billionaires trying to buy elections, Republican officials are actively working to suppress the vote. How cowardly is that! We need universal voter registration in this country.
https://t.co/q2QWIMMtN6",501,0.069352159,2018-11-18T16:27:00Z,0,0,"","",
x2962923040,SenSasse,2017-05-08T00:57:51Z,x861384620079816704,196,36,Graduates: congrats! You‚Äôre entering the workforce during one of history's greatest economic disruptions. Saddle up: https://t.co/cTht5udI1E https://t.co/FHWc0k7w1t,214,0.922413793,2018-11-18T16:27:00Z,0,0,"","",
x17494010,SenSchumer,2018-10-29T19:59:35Z,x1056999006096764931,469,116,Today marks six years since Superstorm Sandy ravaged homes and communities in New York. We‚Äôre still working to build back stronger than ever.,132,0.225641026,2018-11-18T16:27:00Z,0,0,"","",
x21111098,SenShelby,2018-09-05T23:23:22Z,x1037481345822482433,21,10,"Today the Senate &amp; House convened the first Energy&amp;WaterDevelopment approps conference since '09. Pleased we‚Äôve made significant progress on this package, which also includes MilCon-VA &amp; LegislativeBranch FY19 bills. Optimistic that we're close to completing work on these bills. https://t.co/8Oh95Eqa6z",27,0.870967742,2018-11-18T16:27:00Z,0,0,"","",
x43910797,SenSherrodBrown,2018-10-06T17:46:50Z,x1048630676306767872,1328,336,"Judge Kavanaugh‚Äôs record is clear. He has consistently sided with the most powerful special interests, not American workers. The stakes for Ohioans are too high to give this justice a lifetime appointment to our highest court. -SB https://t.co/JKKIpdqO4x",151,0.090745192,2018-11-18T16:27:00Z,0,0,"","",
x76456274,SenStabenow,2018-08-24T17:07:11Z,x1033038018704285696,149,26,Deeply sad news. Praying for John and his family. https://t.co/49TIoaHp3S,3,0.017142857,2018-11-18T16:27:00Z,0,0,"","",
x1074480192,SenTedCruz,2018-10-12T19:56:18Z,x1050837584912535557,362,110,Happy Farmer's Day! https://t.co/OR9NrKskLI,89,0.188559322,2018-11-18T16:27:00Z,0,0,"","",
x2964174789,SenThomTillis,2018-10-05T20:53:32Z,x1048315274385084422,827,212,"Proud to witness an incredible speech by @SenatorCollins. The senator and her staff have demonstrated true statesmanship throughout this confirmation process, and I am proud to call her a colleague. https://t.co/TMyEctTz8O",497,0.478344562,2018-11-18T16:27:00Z,0,0,"","",
x941000686275387392,SenTinaSmith,2018-10-03T15:07:21Z,x1047503375917600768,33,8,"My work is made possible by hard-working Minnesotans who share their insight w/ me. I sat down w/ Traci &amp; Lori, who own @WyomingMachine, a sheet metal fabrication co. in Stacy. They‚Äôre great partners in helping address the workforce shortage &amp; preparing ppl for 21st Century jobs. https://t.co/9Jnf0dK1As",4,0.097560976,2018-11-18T16:27:00Z,0,0,"","",
x234128524,SenToddYoung,2018-10-04T16:34:46Z,x1047887765470416896,270,78,FBI‚Äôs investigation turned up no corroborating evidence whatsoever. It‚Äôs time to vote. https://t.co/QdGzJXktpE https://t.co/Z494g1EIXH,385,1.106321839,2018-11-18T16:27:00Z,0,0,"","",
x968650362,SenTomCotton,2018-07-16T21:08:46Z,x1018965690450087936,818,288,My statement on the Helsinki Summit: https://t.co/e0bDgr5tEn,674,0.609403255,2018-11-18T16:27:00Z,0,0,"","",
x221162525,SenToomey,2018-07-10T01:36:54Z,x1016496450488791040,189,44,My statement on President Trump nominating Brett Kavanaugh to serve as an Associate Justice of the Supreme Court of the United States. https://t.co/8hDTcMHrrO,574,2.463519313,2018-11-18T16:27:00Z,0,0,"","",
x970207298,SenWarren,2018-10-09T17:16:00Z,x1049710080730562560,3463,1088,".@SecPompeo should reverse the State Department‚Äôs decision to deny visas to unmarried same-sex partners of foreign diplomats. It‚Äôs a cruel and discriminatory policy that does nothing to enhance  our national security.  
 https://t.co/dhoRk8uES7",299,0.065699846,2018-11-18T16:27:00Z,0,0,"","",
x242555999,SenWhitehouse,2018-10-31T21:47:08Z,x1057750847856275456,113,53,In case you weren‚Äôt sure quite how rotten the fossil fuel industry is politically . . . https://t.co/g5xMzLgMNo,8,0.048192771,2018-11-18T16:27:00Z,0,0,"","",
x2228934048,SethPartnow,2018-08-12T17:25:28Z,x1028693964805885954,44,1,#onbrand https://t.co/3tfs3DpudW,5,0.111111111,2018-11-23T05:29:00Z,0,0,"","",
x371539066,ShannonSharpe,2018-09-15T23:56:02Z,x1041113445087629313,757,271,Y‚Äôall better put some pect on Bama and Tua‚Äôs names. That‚Äôs a gr8 catch by T.E also. #RoollllllllllllllTiiiiiidddddeeee,36,0.035019455,2018-11-18T06:07:00Z,1,0,"","",2018-11-18T20:37:39Z
x17461978,SHAQ,2018-08-19T15:13:24Z,x1031197444397326337,196,12,"JACK @undergroundauto GOT ME STYLIN LIKE A MUG, had to enjoy that south fla weather https://t.co/tfAHDU3bUM",19,0.091346154,2018-11-18T15:33:00Z,0,0,"","",
x57162282,SheaSerrano,2018-11-16T23:14:02Z,x1063570919975780354,69,1,hahaha https://t.co/HbaR6SK5O5,0,0,2018-11-18T15:33:00Z,0,0,"","",
x75033472,sheridanhoops,2018-10-20T20:49:18Z,x1053750026390986753,2,0,"In college football, true believers in @UConnHuskies (such as @briancmahoney) can get 38-1 odds on Alumni Team winning by 1-6 points, 60-1 odds on Kembas winning by 7-12 points against South Florida. https://t.co/sI6U9W4v74",0,0,2018-11-18T10:23:00Z,1,0,"","",2018-11-18T20:37:55Z
x103111232,SherwoodStrauss,2018-11-10T02:04:16Z,x1061077046602870784,0,0,One #SVTH pick tonight. https://t.co/o6lu7G1EZW,4,Inf,2018-11-18T16:27:00Z,0,0,"","",
x30074516,SIChrisMannix,2018-11-10T01:28:56Z,x1061068153684418562,4,2,Alongside @KyleDraperTV for pregame ... now. https://t.co/whWSQMpWoD,0,0,2018-11-18T15:33:00Z,0,0,"","",
x176210560,skepticalsports,2018-11-07T05:14:58Z,x1060037874731499520,11,1,"There was a saying about the Green Party in Germany when I lived there: ‚ÄúGreen on the outside, Red on the inside.‚Äù Works a lot of different ways, really. https://t.co/gMZtfNU6ER",1,0.083333333,2018-11-18T16:27:00Z,0,0,"","",
x45241945,smartfootball,2018-11-04T13:52:19Z,x1059080904835035136,353,38,Is it just me or do some Texas people treat the Horns Down sign as if it was like spraypainting the ceiling of the Sistine Chapel? It‚Äôs just a silly football thing...? https://t.co/AR6ES3r70g,26,0.066496164,2018-11-18T16:27:00Z,0,0,"","",
x2866586968,SportsTVRatings,2018-10-27T18:40:47Z,x1056254398115004418,0,0,@RT7951 unsurprisingly I agree with you down the line.,1,Inf,2018-11-18T16:27:00Z,0,0,"","",
x20113797,stabenow,2018-10-14T22:12:08Z,x1051596543860584448,174,77,"When Donald Trump tried to cut funding our Great Lakes, Debbie was there to stand up for Michigan and restored every penny. Read more: https://t.co/hIqqGLjHof #MISen #MISenDebate https://t.co/0m4zYaDfFA",21,0.083665339,2018-11-18T16:27:00Z,0,0,"","",
x42065669,StanfordSteve82,2018-10-20T23:21:53Z,x1053788426523205632,427,11,"4-0 to start the day.
ü§∑üèº‚Äç‚ôÇÔ∏è",55,0.125570776,2018-11-18T16:27:00Z,0,0,"","",
x113153829,stat_sam,2017-04-22T17:08:17Z,x855830631393226754,7,4,Here's @Pyrollamas from @CMU_Stats &amp; @CMUAnalytics talking about using statistical models to predict NFL draft-eligible QB performance https://t.co/qElNV7rknx,0,0,2018-11-18T16:27:00Z,0,0,"","",
x532752544,StatsbyLopez,2018-10-23T02:57:01Z,x1054567339495227392,18,2,"The Giants went for two when down 8! That's the second time in the 2018 season that this has happened, after only happening once in the prior decade https://t.co/dn62Dn6MvS",3,0.15,2018-11-18T16:27:00Z,0,0,"","",
x87277455,Stephania_ESPN,2018-11-04T19:14:09Z,x1059161899303079936,65,0,We like this. https://t.co/RntRdFYGXM,3,0.046153846,2018-11-18T15:33:00Z,0,0,"","",
x16302242,stephenasmith,2018-11-09T18:43:28Z,x1060966117823279104,93,30,"Because Wall brought it up by allowing himself to be seen there on Instagram the night before a damn game in which he lost, that‚Äôs why! Any other idiotic damn questions??? https://t.co/UOZ3CGvbox",8,0.06504065,2018-11-17T11:29:00Z,1,0,"","",2018-11-18T20:37:29Z
x11651202,SteveDaines,2018-10-12T14:05:00Z,x1050749176328409090,108,34,Thank you ‚Å¶@realDonaldTrump‚Å© üá∫üá∏. #PastorBrunson https://t.co/B2ecw8afp9,8,0.056338028,2018-11-18T16:27:00Z,0,0,"","",
x17345647,talkhoops,2018-11-16T15:57:35Z,x1063461086404370432,28,0,I‚Äôm glad you‚Äôre here to keep the 19-year old accountable. We‚Äôre not praising anything about him on Eric‚Äôs watch! https://t.co/23B4ID5P56,3,0.107142857,2018-11-18T16:27:00Z,0,0,"","",
x14761739,TasMelas,2018-11-06T17:47:39Z,x1059864904356765696,58,9,"Best win of the season for the Rockets last night. Gritty one on the road. Slowly, we're getting the Western Conference we expected back. (I don't like change.)",2,0.029850746,2018-11-18T16:27:00Z,0,0,"","",
x143239904,tatefrazier,2018-11-11T17:41:27Z,x1061675286616592384,100,4,Happy birthday to a Great One https://t.co/z49zKrZB0N,5,0.048076923,2018-11-18T16:27:00Z,0,0,"","",
x21865953,teamziller,2018-08-15T15:00:43Z,x1029744701719670785,14,4,"NBA coaches are middle managers. They deserve less credit, blame, and attention https://t.co/riWCrLljUb https://t.co/53xReCMi8v",4,0.222222222,2018-11-18T16:27:00Z,0,0,"","",
x84406725,TerryBranstad,2017-03-14T17:12:27Z,x841698550102786049,2,1,RELEASE:  Branstad Administration Releases Statement on March Revenue Estimating Conference https://t.co/PZFFY2wU65,0,0,2018-11-18T16:27:00Z,0,0,"","",
x48488561,TheSteinLine,2018-11-08T03:20:25Z,x1060371434529267714,156,20,This is what Memphis thinks of the new freedom-of-movement movement and nightly pace figures in the triple digits: Grizz up 87-83 on scorching hot Denver at The Grindhouse with less than a minute to play,8,0.045454545,2018-11-18T15:33:00Z,0,0,"","",
x172858784,timkaine,2018-09-11T17:39:40Z,x1039569177793708039,1377,247,"Today we laid a wreath in Arlington with brave law enforcement officers and first responders in memory of those we lost 17 yrs ago on 9/11. With each passing year, it becomes more important to commemorate these lives and that day so future generations #NeverForget what happened. https://t.co/sV3Hueu5Dp",49,0.030172414,2018-11-18T16:27:00Z,0,0,"","",
x166270127,TimTebow,2018-07-16T21:18:52Z,x1018968231846010880,4106,548,#ThisIsTheDay https://t.co/OAgr0jv65Z,66,0.014181349,2018-11-18T15:33:00Z,0,0,"","",
x47724293,TinaSmithMN,2018-11-04T23:57:57Z,x1059233319383121920,98,46,"Karin Housley has a record - but it isn‚Äôt of getting things done. She has a record of siding with special interests time and time again, instead of standing up for Minnesotans. #mnsen",8,0.055555556,2018-11-18T16:27:00Z,0,0,"","",
x21362008,tomhaberstroh,2018-11-02T17:10:38Z,x1058406038695825408,1598,384,"magic: ‚Äúluke we need you to win more‚Äù

*luke diddles on his phone*

magic: ‚Äúluke, are you even liste‚Äî‚Äú

*luke raises phone* https://t.co/t1AVcpSATd",32,0.016145308,2018-11-18T16:27:00Z,0,0,"","",
x105211981,TonyDungy,2018-11-04T16:34:42Z,x1059121769376821249,83,17,I have 3 underdogs winning today. My Upset Special though is Pittsburgh going into Baltimore and solidifying their hold on the AFC North. Baltimore‚Äôs starting offensive tackles are hurt and I think that will slow down their O just enough for the Steelers to pull out a win. https://t.co/u1Kwit7ham,15,0.15,2018-11-18T15:33:00Z,0,0,"","",
x22159122,TonyReali,2018-11-10T15:54:03Z,x1061285867967397888,245,42,Bless a timeline. https://t.co/3OLaaVfXyd,7,0.024390244,2018-11-18T16:27:00Z,0,0,"","",
x106592799,treykerby,2018-11-10T20:08:39Z,x1061349940637655041,154,9,"No chance he‚Äôd still be around to use the good picks, might as well holler at some rotation players. https://t.co/4q5IKcAPWA",7,0.042944785,2018-11-18T16:27:00Z,0,0,"","",
x30793542,TroyAikman,2018-08-04T15:42:25Z,x1025768929455730688,175,8,Enjoy every minute Charean - you‚Äôve earned it!!üëçüèº https://t.co/KV0yiafxoT,2,0.010928962,2018-11-18T10:23:00Z,1,0,"","",2018-11-18T20:37:46Z
x235700566,WaltHickey,2018-11-07T14:40:13Z,x1060180124878991361,22,4,"We don‚Äôt want a country where children quit sports because their parents can‚Äôt afford it, we want a country where children quit sports for normal reasons, like musical theater or pot. https://t.co/TakqpLsx0A",1,0.038461538,2018-11-18T16:27:00Z,0,0,"","",
x40891771,WhitlockJason,2018-08-29T03:19:47Z,x1034641735580758017,47,1,"Keep your head up, Justin. https://t.co/GfuERK0ipY",3,0.0625,2018-11-18T06:07:00Z,1,0,"","",2018-11-18T20:37:34Z
x193095044,WindhorstESPN,2018-08-29T16:08:30Z,x1034835191112425472,190,113,"NBA, NCAA, USA Basketball &amp; NBPA make unprecedented deal to work with elite teen players in significant step toward end of age limit: https://t.co/LMFvGH5fxy",7,0.02310231,2018-11-18T10:23:00Z,1,0,"","",2018-11-18T20:37:52Z
x31447081,wingoz,2018-11-16T19:07:27Z,x1063508867533996033,16,1,Appreciate you https://t.co/F108FTSWQ3,0,0,2018-11-18T15:33:00Z,0,0,"","",
x50323173,wojespn,2018-10-27T17:16:03Z,x1056233073300389888,767,144,"New Woj Pod with @WindhorstESPN: Jimmy Butler, Houston's trade offer, Kawhi Leonard and Raptors, Giannis/Bud/Bucks, Sixers, Lakers and LeBron James and much more. Listen here: https://t.co/oVYkd1kJWB",29,0.03183315,2018-11-18T15:33:00Z,0,0,"","",
x24897626,WorldWideWob,2018-11-15T16:52:04Z,x1063112408883970049,15145,2649,"In a perfect world, the Warriors are down 1 tonight with seconds left.
Durant is standing wide open under the rim for the game-winning dunk, demonstratively asking for the ball.
Draymond Green receives the swing pass.
Looks up.
Stares.
Punts the ball into the upper deck.",83,0.004664494,2018-11-18T16:27:00Z,0,0,"","",
x23378774,ZachLowe_NBA,2018-10-28T22:45:02Z,x1056678255829417984,356,31,Alfonzo McKinnie continuing to give GSW really solid minutes.,24,0.062015504,2018-11-18T16:27:00Z,0,0,"","",
